StudentID,TestSeason,SubjectArea,RITScore,PercentileRank,MetTypicalGrowth_LastFall2ThisFall,MetTypicalGrowth_LastSpring2ThisSpring,MetTypicalGrowth_LastFall2ThisSpring
7222208,Fall,Reading,206,13,0,,
7222208,Fall,Mathematics,218,18,0,,
3257412,Spring,Reading,220,51,,0,1
6083589,Spring,Reading,220,93,,0,0
6083589,Winter,Reading,217,94,,,
6083589,Fall,Reading,221,98,1,,
6083589,Fall,Mathematics,215,97,1,,
6083589,Spring,Mathematics,227,97,,1,1
6083589,Winter,Mathematics,216,92,,,
3815730,Spring,Reading,205,45,,0,0
3815730,Winter,Reading,195,28,,,
3815730,Fall,Reading,204,62,1,,
3815730,Spring,Mathematics,216,60,,1,1
3815730,Winter,Mathematics,200,26,,,
3815730,Fall,Mathematics,203,48,1,,
3005781,Spring,Reading,164,4,,0,0
3005781,Winter,Reading,161,6,,,
3005781,Fall,Reading,163,20,0,,
3257412,Winter,Reading,215,41,,,
3257412,Fall,Reading,196,8,0,,
3257412,Spring,Mathematics,226,40,,0,0
3257412,Winter,Mathematics,229,52,,,
3257412,Fall,Mathematics,223,44,1,,
3737416,Spring,Reading,168,81,,0,1
3737416,Fall,Reading,142,48,0,,
3737416,Spring,Mathematics,171,82,,0,1
3737416,Fall,Mathematics,143,47,0,,
3326795,Spring,Reading,198,93,,1,1
3326795,Winter,Reading,184,84,,,
3326795,Fall,Reading,164,61,1,,
3387411,Spring,Mathematics,243,93,,1,1
3387411,Winter,Mathematics,229,78,,,
3387411,Fall,Mathematics,224,78,0,,
3387411,Spring,Reading,213,52,,0,0
3387411,Winter,Reading,223,83,,,
3387411,Fall,Reading,223,87,0,,
3890418,Spring,Reading,198,93,,1,0
3890418,Winter,Reading,192,94,,,
3890418,Fall,Reading,182,96,0,,
3890418,Spring,Mathematics,194,88,,0,0
3890418,Winter,Mathematics,197,97,,,
3890418,Fall,Mathematics,183,93,0,,
6940551,Spring,Reading,157,9,,0,0
3463788,Spring,Reading,212,93,,1,0
3463788,Winter,Reading,209,96,,,
3463788,Fall,Reading,205,97,1,,
3005781,Spring,Mathematics,195,62,,0,1
3005781,Winter,Mathematics,176,22,,,
3005781,Fall,Mathematics,173,34,0,,
3326795,Spring,Mathematics,187,74,,1,1
3326795,Winter,Mathematics,181,75,,,
3326795,Fall,Mathematics,162,48,1,,
3824415,Spring,Reading,149,23,,0,0
3824415,Spring,Mathematics,151,27,,0,0
7328640,Fall,Reading,220,46,0,,
6940551,Fall,Reading,145,12,0,,
6940551,Spring,Mathematics,157,4,,0,0
6940551,Fall,Mathematics,146,11,0,,
6937589,Spring,Reading,203,60,,1,1
6937589,Winter,Reading,202,70,,,
6937589,Fall,Reading,186,40,1,,
6937589,Winter,Mathematics,199,52,,,
6937589,Fall,Mathematics,197,65,1,,
3679744,Spring,Reading,168,27,,0,0
3679744,Winter,Reading,155,12,,,
3679744,Fall,Reading,158,43,1,,
3679744,Spring,Mathematics,181,56,,1,1
3679744,Winter,Mathematics,166,31,,,
3679744,Fall,Mathematics,152,21,0,,
3329758,Spring,Reading,175,45,,0,1
3329758,Winter,Reading,161,23,,,
3329758,Fall,Reading,155,34,1,,
3463788,Spring,Mathematics,203,82,,0,0
3463788,Winter,Mathematics,204,93,,,
3463788,Fall,Mathematics,197,93,1,,
3368742,Spring,Mathematics,185,8,,1,0
3368742,Winter,Mathematics,180,7,,,
3368742,Fall,Mathematics,178,13,0,,
7328640,Fall,Mathematics,224,29,0,,
3123786,Spring,Reading,181,1,,0,0
6937589,Spring,Mathematics,218,87,,1,1
3368742,Spring,Reading,193,33,,0,0
3368742,Winter,Reading,191,40,,,
3368742,Fall,Reading,198,71,1,,
3329758,Spring,Mathematics,194,88,,1,1
3329758,Winter,Mathematics,182,77,,,
3329758,Fall,Mathematics,166,59,1,,
3875753,Spring,Reading,182,30,,1,1
3875753,Winter,Reading,173,24,,,
3875753,Fall,Reading,161,17,1,,
3123786,Fall,Mathematics,201,11,0,,
6180554,Spring,Reading,198,47,,1,1
6180554,Winter,Reading,199,62,,,
6180554,Fall,Reading,177,19,0,,
6180554,Fall,Mathematics,185,29,0,,
6180554,Spring,Mathematics,206,59,,1,1
6180554,Winter,Mathematics,202,61,,,
3894799,Fall,Reading,195,3,1,,
6337548,Spring,Reading,185,6,,0,0
6337548,Winter,Reading,189,16,,,
6337548,Fall,Reading,181,9,0,,
6337548,Spring,Mathematics,200,19,,1,1
6337548,Winter,Mathematics,197,19,,,
7585849,Spring,Reading,205,15,,1,1
7585849,Winter,Reading,202,13,,,
7585849,Fall,Reading,200,13,0,,
6237454,Spring,Reading,205,45,,1,1
6237454,Winter,Reading,194,26,,,
6237454,Fall,Reading,195,37,1,,
6237454,Spring,Mathematics,224,79,,1,1
6237454,Winter,Mathematics,221,82,,,
6237454,Fall,Mathematics,213,76,1,,
3590442,Spring,Reading,178,22,,0,1
3590442,Winter,Reading,158,4,,,
3590442,Fall,Reading,135,1,0,,
3590442,Spring,Mathematics,193,55,,0,1
3590442,Winter,Mathematics,183,42,,,
3590442,Fall,Mathematics,160,8,0,,
3908752,Spring,Reading,160,2,,0,0
3545447,Fall,Reading,185,1,0,,
3310790,Spring,Reading,185,71,,0,0
3310790,Winter,Reading,181,78,,,
3310790,Fall,Reading,179,93,1,,
3310790,Spring,Mathematics,220,99,,1,1
3310790,Winter,Mathematics,184,82,,,
3310790,Fall,Mathematics,178,87,1,,
6751776,Winter,Reading,185,4,,,
3116780,Spring,Reading,187,43,,0,0
3116780,Winter,Reading,156,3,,,
3116780,Fall,Reading,175,48,1,,
3116780,Spring,Mathematics,203,82,,0,1
3116780,Winter,Mathematics,187,55,,,
3116780,Fall,Mathematics,187,75,1,,
7433342,Winter,Mathematics,220,56,,,
3988717,Spring,Reading,194,36,,0,0
3988717,Winter,Reading,201,67,,,
3988717,Fall,Reading,200,75,0,,
3988717,Winter,Mathematics,205,70,,,
3988717,Fall,Mathematics,204,83,1,,
3485418,Spring,Reading,166,1,,1,1
3485418,Fall,Reading,143,1,0,,
3485418,Spring,Mathematics,181,4,,1,1
3485418,Fall,Mathematics,161,1,0,,
3094412,Spring,Reading,167,25,,1,1
3094412,Winter,Reading,150,6,,,
3094412,Fall,Reading,149,19,1,,
3869447,Spring,Reading,149,23,,0,0
3869447,Fall,Reading,138,33,0,,
3869447,Spring,Mathematics,153,32,,0,1
3869447,Fall,Mathematics,135,23,0,,
3677744,Spring,Reading,155,7,,0,0
3677744,Winter,Reading,146,3,,,
3677744,Fall,Reading,143,9,0,,
3677744,Spring,Mathematics,165,14,,1,1
3677744,Winter,Mathematics,138,1,,,
3677744,Fall,Mathematics,138,3,0,,
7585849,Spring,Mathematics,219,26,,0,0
7585849,Winter,Mathematics,221,34,,,
7585849,Fall,Mathematics,215,26,1,,
3875753,Spring,Mathematics,193,55,,1,1
3875753,Winter,Mathematics,165,5,,,
3875753,Fall,Mathematics,173,34,1,,
7066547,Fall,Mathematics,220,,0,,
3894799,Spring,Mathematics,221,19,,0,0
3894799,Fall,Mathematics,212,11,1,,
3908752,Winter,Reading,153,2,,,
3908752,Fall,Reading,151,5,0,,
3908752,Spring,Mathematics,171,5,,0,0
3908752,Winter,Mathematics,168,8,,,
3908752,Fall,Mathematics,161,9,0,,
3094412,Winter,Mathematics,174,55,,,
3094412,Fall,Mathematics,145,9,0,,
3197746,Spring,Reading,196,41,,1,1
3197746,Winter,Reading,187,30,,,
3197746,Fall,Reading,185,37,1,,
3197746,Winter,Mathematics,199,52,,,
3197746,Fall,Mathematics,191,47,1,,
3197746,Spring,Mathematics,203,50,,1,1
3385410,Spring,Reading,164,70,,0,0
3385410,Spring,Mathematics,157,44,,0,0
3813412,Fall,Reading,194,34,1,,
3813412,Fall,Mathematics,193,21,0,,
3231738,Spring,Reading,174,15,,1,0
3231738,Winter,Reading,156,3,,,
3231738,Fall,Reading,159,14,1,,
3231738,Spring,Mathematics,186,34,,1,0
3231738,Winter,Mathematics,171,12,,,
3231738,Fall,Mathematics,174,37,1,,
3013750,Spring,Reading,182,64,,1,1
3013750,Winter,Reading,163,28,,,
3013750,Fall,Reading,163,58,1,,
3013750,Spring,Mathematics,178,47,,0,1
3013750,Winter,Mathematics,171,46,,,
3013750,Fall,Mathematics,158,36,1,,
3928418,Spring,Reading,149,1,,0,0
6101705,Winter,Mathematics,204,17,,,
6337548,Fall,Mathematics,183,6,0,,
3378739,Spring,Reading,175,45,,0,0
3378739,Fall,Reading,180,94,0,,
3378739,Spring,Mathematics,199,94,,0,0
3378739,Fall,Mathematics,201,99,0,,
3482715,Spring,Reading,195,39,,0,0
3482715,Winter,Reading,194,48,,,
3482715,Fall,Reading,191,53,1,,
3928418,Fall,Reading,148,1,0,,
3928418,Spring,Mathematics,219,68,,1,1
3928418,Fall,Mathematics,175,1,0,,
3482715,Fall,Mathematics,183,23,1,,
3482715,Spring,Mathematics,207,62,,1,1
3482715,Winter,Mathematics,198,48,,,
3142418,Spring,Reading,233,76,,0,0
3142418,Spring,Mathematics,235,51,,0,0
3950787,Fall,Mathematics,119,1,0,,
3219793,Spring,Reading,183,13,,1,1
3219793,Winter,Reading,171,5,,,
3219793,Fall,Reading,160,2,0,,
3219793,Spring,Mathematics,210,70,,0,1
3219793,Winter,Mathematics,202,61,,,
3219793,Fall,Mathematics,184,26,0,,
6913413,Winter,Mathematics,222,61,,,
6855775,Spring,Reading,215,58,,1,0
6855775,Winter,Reading,219,74,,,
6855775,Fall,Reading,220,82,1,,
3796413,Spring,Reading,165,1,,0,1
3796413,Winter,Reading,165,2,,,
3796413,Fall,Reading,147,1,0,,
3796413,Spring,Mathematics,200,41,,1,1
3796413,Winter,Mathematics,158,1,,,
3796413,Fall,Mathematics,164,1,0,,
3345790,Spring,Reading,210,99,,0,1
3345790,Winter,Reading,201,99,,,
3345790,Fall,Reading,191,99,1,,
3345790,Spring,Mathematics,197,92,,1,1
3345790,Winter,Mathematics,189,90,,,
3345790,Fall,Mathematics,174,80,0,,
3472719,Spring,Reading,228,98,,1,1
3472719,Winter,Reading,222,97,,,
3472719,Fall,Reading,211,92,0,,
3283414,Spring,Reading,201,78,,0,0
3283414,Fall,Reading,193,87,0,,
3283414,Spring,Mathematics,191,49,,0,0
3283414,Fall,Mathematics,179,52,0,,
3988717,Spring,Mathematics,209,68,,0,0
3572415,Spring,Reading,161,61,,0,1
3572415,Fall,Reading,143,52,0,,
3572415,Spring,Mathematics,168,75,,0,1
3572415,Fall,Mathematics,142,44,0,,
6861754,Fall,Reading,239,85,1,,
3472719,Fall,Mathematics,208,90,0,,
3472719,Spring,Mathematics,215,82,,0,0
3472719,Winter,Mathematics,217,93,,,
6280429,Spring,Reading,191,13,,0,1
6280429,Winter,Reading,197,33,,,
6280429,Fall,Reading,183,12,0,,
3132793,Fall,Reading,141,44,0,,
3132793,Spring,Mathematics,165,67,,0,1
3132793,Fall,Mathematics,130,12,0,,
3132793,Spring,Reading,158,51,,0,1
3594732,Spring,Reading,160,12,,0,0
6015515,Spring,Reading,179,24,,0,1
6015515,Winter,Reading,157,4,,,
6015515,Fall,Reading,157,11,0,,
6015515,Spring,Mathematics,171,5,,0,0
6015515,Winter,Mathematics,164,4,,,
6015515,Fall,Mathematics,167,19,1,,
6280429,Spring,Mathematics,197,14,,1,1
6280429,Winter,Mathematics,186,5,,,
6280429,Fall,Mathematics,180,3,1,,
3989732,Fall,Reading,169,75,1,,
3989732,Fall,Mathematics,174,80,1,,
3426747,Spring,Reading,202,80,,0,0
3426747,Winter,Reading,205,93,,,
3426747,Fall,Reading,191,84,1,,
3426747,Spring,Mathematics,205,86,,0,1
3263412,Spring,Reading,211,92,,1,1
3263412,Winter,Reading,200,87,,,
3263412,Fall,Reading,184,70,0,,
3594732,Winter,Reading,149,5,,,
3594732,Fall,Reading,148,17,0,,
3594732,Spring,Mathematics,189,78,,0,1
3594732,Fall,Mathematics,156,31,0,,
6605400,Fall,Reading,235,,0,,
6855775,Spring,Mathematics,220,47,,0,0
6855775,Winter,Mathematics,210,29,,,
3426747,Winter,Mathematics,199,86,,,
3426747,Fall,Mathematics,194,89,1,,
6245775,Winter,Mathematics,220,56,,,
3330782,Spring,Reading,206,68,,1,1
3330782,Winter,Reading,197,57,,,
3330782,Fall,Reading,185,37,0,,
6605400,Winter,Mathematics,230,,,,
6605400,Fall,Mathematics,255,,0,,
7730847,Spring,Reading,210,25,,1,0
7730847,Winter,Reading,210,28,,,
7730847,Fall,Reading,211,35,0,,
7730847,Fall,Mathematics,212,21,1,,
6855775,Fall,Mathematics,214,53,1,,
3422796,Spring,Reading,173,39,,0,0
3422796,Fall,Reading,165,64,0,,
3422796,Spring,Mathematics,193,86,,0,1
3422796,Fall,Mathematics,176,83,0,,
3330782,Spring,Mathematics,208,65,,1,1
3330782,Winter,Mathematics,205,70,,,
3330782,Fall,Mathematics,195,59,0,,
3118786,Spring,Reading,193,59,,0,1
3118786,Winter,Reading,186,56,,,
3118786,Fall,Reading,179,58,0,,
3118786,Spring,Mathematics,199,73,,0,0
3118786,Winter,Mathematics,199,86,,,
3118786,Fall,Mathematics,190,82,1,,
7730847,Spring,Mathematics,226,40,,0,1
7730847,Winter,Mathematics,214,20,,,
3939752,Spring,Reading,205,85,,1,1
3939752,Fall,Reading,186,74,1,,
3494789,Spring,Reading,189,48,,0,0
3494789,Winter,Reading,183,48,,,
3494789,Fall,Reading,183,68,1,,
3494789,Spring,Mathematics,196,65,,0,0
3939752,Spring,Mathematics,198,70,,0,0
3939752,Fall,Mathematics,189,80,0,,
3740413,Spring,Reading,138,5,,0,0
3740413,Spring,Mathematics,160,53,,0,0
3263412,Spring,Mathematics,192,52,,0,0
3263412,Winter,Mathematics,193,73,,,
3263412,Fall,Mathematics,185,70,1,,
3462410,Spring,Reading,154,38,,0,1
3462410,Fall,Reading,137,30,0,,
3462410,Spring,Mathematics,152,30,,0,1
3462410,Fall,Mathematics,129,10,0,,
6669728,Spring,Reading,218,66,,0,0
6669728,Winter,Reading,221,79,,,
6669728,Fall,Reading,214,69,0,,
3441795,Spring,Reading,186,73,,1,1
3441795,Winter,Reading,174,60,,,
3441795,Fall,Reading,159,46,1,,
3441795,Spring,Mathematics,190,81,,1,1
3441795,Winter,Mathematics,174,55,,,
3441795,Fall,Mathematics,163,51,1,,
7105211,Fall,Reading,238,83,0,,
7105211,Fall,Mathematics,235,52,0,,
6669728,Spring,Mathematics,242,92,,1,1
6669728,Winter,Mathematics,231,82,,,
6669728,Fall,Mathematics,232,91,1,,
3243418,Spring,Reading,146,16,,0,0
3243418,Spring,Mathematics,152,30,,0,0
3950787,Spring,Reading,143,11,,0,0
3950787,Fall,Reading,131,14,0,,
3950787,Spring,Mathematics,138,6,,0,0
3494789,Winter,Mathematics,193,73,,,
3494789,Fall,Mathematics,199,95,1,,
6512478,Spring,Reading,194,18,,0,1
6512478,Winter,Reading,192,21,,,
3802716,Spring,Reading,200,76,,1,1
3802716,Fall,Reading,184,70,0,,
3802716,Spring,Mathematics,197,68,,0,0
3802716,Fall,Mathematics,195,90,1,,
3612732,Spring,Reading,184,69,,1,1
3612732,Winter,Reading,160,21,,,
3612732,Fall,Reading,167,70,1,,
3612732,Spring,Mathematics,177,44,,0,1
3612732,Winter,Mathematics,177,64,,,
3612732,Fall,Mathematics,152,21,0,,
3893788,Spring,Reading,201,21,,0,0
3893788,Winter,Reading,197,18,,,
3893788,Fall,Reading,200,31,1,,
6512478,Fall,Reading,177,6,0,,
6512478,Spring,Mathematics,209,40,,1,1
6512478,Winter,Mathematics,210,54,,,
6512478,Fall,Mathematics,198,33,0,,
3893788,Spring,Mathematics,238,87,,1,1
3893788,Winter,Mathematics,233,85,,,
3893788,Fall,Mathematics,227,84,0,,
7138842,Fall,Reading,217,52,1,,
3407732,Fall,Reading,191,99,0,,
3407732,Spring,Mathematics,199,94,,1,1
3407732,Fall,Mathematics,183,93,0,,
3420796,Spring,Mathematics,171,26,,0,0
3420796,Winter,Mathematics,168,37,,,
3420796,Spring,Reading,153,5,,0,0
3420796,Winter,Reading,149,5,,,
7138842,Fall,Mathematics,206,12,0,,
6892720,Spring,Reading,200,19,,1,1
6892720,Winter,Reading,185,4,,,
6892720,Fall,Reading,184,5,0,,
6892720,Fall,Mathematics,200,18,0,,
3303415,Spring,Reading,173,90,,0,1
3303415,Fall,Reading,138,33,0,,
3303415,Spring,Mathematics,162,59,,0,1
3303415,Fall,Mathematics,140,37,0,,
6828489,Spring,Reading,205,45,,0,0
6828489,Winter,Reading,208,63,,,
6828489,Fall,Reading,205,64,1,,
7244173,Fall,Reading,213,34,0,,
7244173,Fall,Mathematics,220,27,0,,
3137757,Spring,Reading,183,33,,1,0
3137757,Fall,Reading,170,35,1,,
3792743,Spring,Mathematics,202,96,,1,1
3792743,Winter,Mathematics,195,96,,,
3792743,Fall,Mathematics,171,73,1,,
3792743,Spring,Reading,196,90,,1,1
3792743,Winter,Reading,180,76,,,
3792743,Fall,Reading,156,37,1,,
3137757,Spring,Mathematics,193,55,,1,1
3137757,Fall,Mathematics,167,19,0,,
3323790,Spring,Reading,198,93,,1,0
3323790,Winter,Reading,190,93,,,
3323790,Fall,Reading,183,96,1,,
3323790,Spring,Mathematics,195,90,,1,1
3323790,Winter,Mathematics,184,82,,,
3323790,Fall,Mathematics,179,88,1,,
6892720,Spring,Mathematics,217,39,,1,1
6892720,Winter,Mathematics,202,14,,,
3533758,Spring,Reading,211,92,,1,0
3533758,Fall,Reading,208,98,0,,
6828489,Spring,Mathematics,222,75,,1,1
6828489,Winter,Mathematics,203,34,,,
6828489,Fall,Mathematics,203,48,1,,
3123751,Spring,Mathematics,189,43,,1,1
3123751,Winter,Mathematics,176,22,,,
3123751,Fall,Mathematics,175,40,1,,
3123751,Fall,Reading,155,9,0,,
3123751,Spring,Reading,174,15,,0,1
3123751,Winter,Reading,162,7,,,
3782757,Spring,Reading,197,69,,0,0
3782757,Fall,Reading,200,94,1,,
3533758,Spring,Mathematics,231,99,,0,1
3533758,Fall,Mathematics,212,99,0,,
3664758,Spring,Reading,182,30,,1,0
3664758,Winter,Reading,166,12,,,
3664758,Fall,Reading,174,45,1,,
3782757,Spring,Mathematics,202,80,,0,1
3782757,Fall,Mathematics,190,82,1,,
6366445,Winter,Mathematics,231,82,,,
3664758,Spring,Mathematics,176,11,,0,0
3664758,Winter,Mathematics,174,18,,,
3664758,Fall,Mathematics,164,14,0,,
6783494,Spring,Reading,179,2,,0,0
6783494,Winter,Reading,184,9,,,
6783494,Fall,Reading,184,13,0,,
3356796,Spring,Reading,158,51,,0,0
3356796,Spring,Mathematics,156,41,,0,0
3155750,Spring,Reading,189,48,,1,0
3155750,Fall,Reading,176,50,1,,
3155750,Spring,Mathematics,179,16,,0,0
3155750,Fall,Mathematics,174,37,1,,
6511588,Spring,Reading,178,2,,0,0
6511588,Winter,Reading,174,2,,,
6511588,Fall,Reading,174,4,0,,
6306718,Winter,Mathematics,210,29,,,
3255412,Spring,Reading,186,73,,1,1
3255412,Winter,Reading,173,57,,,
3255412,Fall,Reading,166,67,0,,
3255412,Spring,Mathematics,208,99,,1,1
3255412,Winter,Mathematics,182,77,,,
3255412,Fall,Mathematics,176,83,0,,
3199746,Spring,Reading,221,85,,1,1
3199746,Winter,Reading,213,76,,,
3199746,Fall,Reading,213,82,1,,
3199746,Fall,Mathematics,221,91,1,,
3199746,Spring,Mathematics,222,75,,0,0
3056415,Spring,Reading,164,70,,0,1
3056415,Fall,Reading,134,21,0,,
3056415,Spring,Mathematics,159,50,,0,1
3056415,Fall,Mathematics,135,23,0,,
7581951,Fall,Reading,227,60,1,,
7776346,Spring,Reading,224,62,,0,0
7776346,Winter,Reading,226,71,,,
6511588,Spring,Mathematics,204,27,,1,1
6511588,Winter,Mathematics,199,24,,,
6511588,Fall,Mathematics,194,23,1,,
3199746,Winter,Mathematics,230,94,,,
3283415,Fall,Reading,141,44,0,,
3283415,Fall,Mathematics,145,54,0,,
3542411,Fall,Reading,165,1,0,,
3542411,Winter,Mathematics,204,5,,,
3542411,Fall,Mathematics,209,9,0,,
6811555,Spring,Reading,197,44,,0,0
6811555,Winter,Reading,196,54,,,
6811555,Fall,Reading,191,53,0,,
6783494,Spring,Mathematics,202,23,,0,1
6783494,Winter,Mathematics,190,8,,,
6783494,Fall,Mathematics,192,18,0,,
3646757,Spring,Reading,190,51,,0,0
6979583,Spring,Mathematics,220,90,,1,1
6979583,Winter,Mathematics,213,87,,,
6979583,Fall,Mathematics,197,65,0,,
6979583,Spring,Reading,219,92,,1,1
6979583,Winter,Reading,216,93,,,
6979583,Fall,Reading,207,87,0,,
3521418,Spring,Reading,158,51,,0,0
3521418,Spring,Mathematics,170,79,,0,0
3646757,Winter,Reading,182,46,,,
3646757,Fall,Reading,177,53,1,,
3646757,Spring,Mathematics,204,84,,1,1
3646757,Winter,Mathematics,190,64,,,
3646757,Fall,Mathematics,184,67,1,,
3200412,Spring,Reading,202,16,,1,1
3200412,Winter,Reading,190,4,,,
3200412,Fall,Reading,191,7,0,,
3200412,Spring,Mathematics,196,3,,0,0
3200412,Winter,Mathematics,190,2,,,
3200412,Fall,Mathematics,191,3,0,,
3426796,Spring,Reading,186,73,,1,0
3426796,Winter,Reading,186,87,,,
3426796,Fall,Reading,170,78,1,,
3462796,Fall,Mathematics,174,80,1,,
3600795,Spring,Reading,149,3,,0,0
3600795,Fall,Reading,156,37,0,,
3600795,Spring,Mathematics,169,22,,0,0
3600795,Fall,Mathematics,156,31,0,,
6892557,Spring,Reading,184,35,,1,1
6892557,Fall,Reading,164,22,0,,
6892557,Spring,Mathematics,169,4,,0,0
6892557,Fall,Mathematics,170,26,0,,
3473442,Spring,Reading,149,23,,0,0
3426796,Spring,Mathematics,213,99,,1,1
3426796,Winter,Mathematics,215,99,,,
3426796,Fall,Mathematics,198,99,1,,
6811555,Winter,Mathematics,206,72,,,
6811555,Fall,Mathematics,205,85,1,,
6811555,Spring,Mathematics,223,94,,1,1
3462796,Spring,Reading,180,58,,0,0
3462796,Fall,Reading,181,95,1,,
3462796,Spring,Mathematics,192,85,,1,1
6473559,Spring,Reading,204,97,,1,1
6473559,Winter,Reading,176,65,,,
6473559,Fall,Reading,178,92,1,,
6473559,Spring,Mathematics,207,99,,1,1
6473559,Winter,Mathematics,191,93,,,
6473559,Fall,Mathematics,189,97,1,,
3473442,Fall,Reading,143,52,0,,
3473442,Spring,Mathematics,153,32,,0,0
3473442,Fall,Mathematics,138,31,0,,
6586599,Spring,Reading,150,26,,0,1
6586599,Fall,Reading,134,21,0,,
6586599,Spring,Mathematics,165,67,,0,1
6586599,Fall,Mathematics,121,2,0,,
3694757,Spring,Reading,173,13,,0,0
3694757,Winter,Reading,164,9,,,
3694757,Fall,Reading,166,26,0,,
3694757,Spring,Mathematics,194,59,,0,1
3694757,Winter,Mathematics,187,55,,,
6542700,Spring,Reading,227,85,,1,1
6542700,Winter,Reading,223,83,,,
6542700,Fall,Reading,222,85,1,,
7948228,Fall,Reading,192,,0,,
3904754,Spring,Reading,182,30,,0,1
3904754,Winter,Reading,190,67,,,
3904754,Fall,Reading,165,24,0,,
3904754,Spring,Mathematics,190,46,,0,0
3904754,Winter,Mathematics,189,61,,,
3904754,Fall,Mathematics,181,59,1,,
3464749,Spring,Reading,203,60,,1,1
3464749,Winter,Reading,202,70,,,
3286419,Spring,Mathematics,175,38,,0,1
3286419,Winter,Mathematics,167,34,,,
3286419,Fall,Mathematics,154,26,1,,
3286419,Spring,Reading,176,48,,1,0
3286419,Winter,Reading,175,63,,,
3286419,Fall,Reading,162,55,1,,
3406739,Spring,Reading,169,29,,0,0
3406739,Fall,Reading,161,52,0,,
7404800,Spring,Mathematics,201,2,,0,0
7404800,Fall,Mathematics,229,39,0,,
6542700,Spring,Mathematics,252,98,,1,1
6542700,Winter,Mathematics,239,93,,,
6542700,Fall,Mathematics,244,99,1,,
3694757,Fall,Mathematics,179,52,0,,
3271732,Spring,Reading,169,29,,0,1
3271732,Fall,Reading,132,1,0,,
3271732,Spring,Mathematics,167,17,,0,0
3271732,Fall,Mathematics,175,82,0,,
6644556,Spring,Reading,188,46,,0,0
6644556,Fall,Reading,175,48,0,,
3406739,Spring,Mathematics,176,41,,0,0
3406739,Fall,Mathematics,165,56,0,,
3935794,Spring,Reading,146,16,,0,1
3935794,Fall,Reading,128,8,0,,
3935794,Spring,Mathematics,144,13,,0,0
3935794,Fall,Mathematics,131,14,0,,
6604474,Spring,Reading,189,10,,0,1
6604474,Winter,Reading,190,17,,,
6604474,Fall,Reading,181,9,0,,
6644556,Spring,Mathematics,190,46,,1,1
6644556,Fall,Mathematics,169,24,0,,
3016744,Spring,Reading,214,55,,1,1
3016744,Winter,Reading,213,59,,,
3016744,Fall,Reading,205,44,1,,
3958418,Spring,Reading,175,93,,0,0
3958418,Winter,Reading,165,90,,,
3958418,Spring,Mathematics,190,99,,0,0
3958418,Winter,Mathematics,172,96,,,
7382142,Spring,Reading,227,62,,1,1
7382142,Winter,Reading,227,65,,,
7382142,Fall,Reading,220,52,1,,
3884780,Spring,Reading,185,38,,0,1
3884780,Winter,Reading,176,30,,,
3884780,Fall,Reading,163,20,0,,
3862758,Spring,Reading,212,93,,1,0
3444753,Spring,Reading,165,73,,0,1
3444753,Fall,Reading,141,44,0,,
3444753,Spring,Mathematics,166,70,,0,1
3444753,Fall,Mathematics,136,25,0,,
7382142,Spring,Mathematics,217,16,,0,0
7382142,Winter,Mathematics,216,16,,,
7382142,Fall,Mathematics,217,22,1,,
3862758,Winter,Reading,213,98,,,
3862758,Fall,Reading,214,99,1,,
3862758,Spring,Mathematics,205,86,,0,0
3862758,Fall,Mathematics,198,94,1,,
3975735,Spring,Reading,164,19,,1,1
3975735,Winter,Reading,149,5,,,
3975735,Fall,Reading,136,3,0,,
3975735,Spring,Mathematics,142,1,,0,0
3975735,Winter,Mathematics,145,2,,,
3975735,Fall,Mathematics,139,4,0,,
3213751,Spring,Reading,183,13,,1,0
3464749,Fall,Reading,183,32,1,,
3464749,Winter,Mathematics,202,61,,,
3464749,Fall,Mathematics,194,56,0,,
3721796,Spring,Reading,179,56,,0,0
3721796,Winter,Reading,174,60,,,
3721796,Fall,Reading,173,84,0,,
3721796,Spring,Mathematics,192,85,,1,0
3721796,Winter,Mathematics,187,87,,,
3721796,Fall,Mathematics,185,95,0,,
3020717,Spring,Reading,188,22,,0,0
3020717,Winter,Reading,186,28,,,
3020717,Fall,Reading,200,75,1,,
3020717,Fall,Mathematics,188,37,1,,
3020717,Spring,Mathematics,198,35,,0,0
3020717,Winter,Mathematics,194,36,,,
6170531,Spring,Reading,162,3,,0,0
3092411,Spring,Reading,172,89,,0,1
3092411,Fall,Reading,154,85,0,,
3092411,Spring,Mathematics,174,87,,0,1
3092411,Fall,Mathematics,151,73,0,,
3464734,Spring,Reading,199,74,,0,1
3464734,Winter,Reading,193,74,,,
3464734,Fall,Reading,183,68,1,,
3464734,Spring,Mathematics,192,52,,1,1
3464734,Winter,Mathematics,183,42,,,
3464734,Fall,Mathematics,176,43,1,,
7055265,Fall,Reading,248,95,0,,
3464749,Spring,Mathematics,213,78,,1,1
3032750,Spring,Reading,171,11,,0,0
3032750,Fall,Reading,167,28,1,,
3032750,Spring,Mathematics,184,28,,0,0
3032750,Fall,Mathematics,171,29,1,,
3300733,Spring,Reading,197,92,,1,1
3300733,Fall,Reading,175,88,0,,
3300733,Spring,Mathematics,200,95,,1,1
3300733,Fall,Mathematics,183,93,0,,
7776346,Fall,Reading,225,73,0,,
7776346,Winter,Mathematics,236,68,,,
7776346,Fall,Mathematics,233,67,1,,
3884780,Spring,Mathematics,194,59,,0,1
3884780,Winter,Mathematics,193,73,,,
3884780,Fall,Mathematics,174,37,0,,
7015927,Fall,Mathematics,168,1,0,,
6604474,Spring,Mathematics,203,25,,0,1
6604474,Winter,Mathematics,202,31,,,
6604474,Fall,Mathematics,190,15,0,,
7776346,Spring,Mathematics,239,69,,1,1
6932476,Spring,Reading,196,22,,1,1
6932476,Winter,Reading,179,4,,,
6932476,Fall,Reading,188,20,0,,
3016744,Fall,Mathematics,225,80,1,,
3016744,Spring,Mathematics,235,83,,1,1
3016744,Winter,Mathematics,229,78,,,
3098755,Spring,Reading,189,48,,0,1
3098755,Winter,Reading,174,26,,,
6932476,Spring,Mathematics,201,21,,1,1
6932476,Winter,Mathematics,201,28,,,
6932476,Fall,Mathematics,193,21,1,,
6170531,Fall,Reading,163,20,0,,
6170531,Spring,Mathematics,173,7,,0,0
6170531,Fall,Mathematics,168,22,0,,
3693794,Spring,Reading,176,48,,1,0
3693794,Winter,Reading,165,33,,,
3693794,Fall,Reading,163,58,1,,
6243701,Spring,Reading,195,11,,0,0
6243701,Winter,Reading,196,16,,,
6243701,Fall,Reading,206,47,1,,
3904783,Spring,Reading,193,59,,1,1
3904783,Winter,Reading,186,56,,,
3904783,Fall,Reading,178,55,1,,
3859447,Spring,Reading,136,3,,0,0
3859447,Fall,Reading,120,1,0,,
3859447,Spring,Mathematics,135,3,,0,1
3859447,Fall,Mathematics,114,1,0,,
3663794,Spring,Reading,171,34,,1,0
3663794,Winter,Reading,166,36,,,
3663794,Fall,Reading,159,46,1,,
3663794,Spring,Mathematics,182,59,,0,1
3663794,Winter,Mathematics,131,1,,,
3663794,Fall,Mathematics,152,21,1,,
3573417,Spring,Reading,154,38,,0,0
3573417,Fall,Reading,145,12,1,,
3573417,Spring,Mathematics,168,75,,0,1
3573417,Fall,Mathematics,143,7,0,,
7055265,Fall,Mathematics,248,77,0,,
3039412,Spring,Reading,174,42,,1,1
3039412,Fall,Reading,152,26,0,,
3039412,Spring,Mathematics,174,35,,0,1
3904783,Spring,Mathematics,178,14,,0,0
3904783,Winter,Mathematics,179,30,,,
3904783,Fall,Mathematics,173,34,0,,
3899742,Spring,Reading,190,26,,0,0
3899742,Winter,Reading,183,21,,,
3899742,Fall,Reading,189,48,1,,
3899742,Winter,Mathematics,199,52,,,
3899742,Fall,Mathematics,186,31,0,,
3899742,Spring,Mathematics,204,53,,1,1
3039412,Fall,Mathematics,127,1,0,,
3846749,Spring,Reading,226,60,,0,0
3458757,Spring,Reading,200,76,,1,1
3458757,Fall,Reading,180,60,0,,
3458757,Spring,Mathematics,196,65,,0,0
3458757,Fall,Mathematics,186,73,0,,
3415415,Spring,Reading,157,48,,0,1
3415415,Fall,Reading,136,27,0,,
3415415,Spring,Mathematics,165,67,,0,1
3415415,Fall,Mathematics,141,41,0,,
3652416,Spring,Reading,180,97,,0,0
3652416,Spring,Mathematics,177,91,,0,0
3061790,Spring,Reading,144,12,,0,0
3061790,Fall,Reading,130,12,0,,
3061790,Spring,Mathematics,142,10,,0,0
3846749,Winter,Reading,226,63,,,
3846749,Fall,Reading,225,65,1,,
3846749,Winter,Mathematics,221,25,,,
3846749,Fall,Mathematics,217,22,0,,
3061790,Fall,Mathematics,130,12,0,,
3098755,Fall,Reading,168,30,0,,
3098755,Spring,Mathematics,204,84,,1,1
3098755,Winter,Mathematics,192,70,,,
3098755,Fall,Mathematics,192,86,1,,
3878788,Spring,Reading,198,71,,1,1
3878788,Winter,Reading,192,72,,,
3878788,Fall,Reading,183,68,0,,
6768595,Spring,Reading,174,15,,0,0
6768595,Winter,Reading,168,15,,,
6768595,Fall,Reading,164,22,1,,
6768595,Spring,Mathematics,184,28,,1,0
6768595,Winter,Mathematics,184,45,,,
6768595,Fall,Mathematics,176,43,1,,
3338782,Spring,Reading,196,13,,0,0
3338782,Winter,Reading,193,12,,,
3338782,Fall,Reading,194,18,0,,
6243701,Spring,Mathematics,224,58,,1,1
6243701,Winter,Mathematics,209,27,,,
6243701,Fall,Mathematics,202,22,0,,
3340414,Spring,Reading,173,90,,0,1
3340414,Fall,Reading,145,59,0,,
3340414,Spring,Mathematics,160,53,,0,1
3340414,Fall,Mathematics,139,34,0,,
3819753,Spring,Mathematics,217,98,,0,1
3819753,Fall,Mathematics,199,95,1,,
3819753,Fall,Reading,204,97,0,,
3577443,Spring,Reading,153,34,,0,1
3577443,Fall,Reading,135,24,0,,
3577443,Spring,Mathematics,162,59,,0,1
3577443,Fall,Mathematics,135,23,0,,
3096416,Spring,Reading,165,73,,0,1
3096416,Fall,Reading,147,66,0,,
3693794,Spring,Mathematics,187,74,,1,1
3693794,Winter,Mathematics,173,52,,,
3693794,Fall,Mathematics,163,51,1,,
6244792,Winter,Mathematics,228,76,,,
6393514,Spring,Reading,211,62,,0,1
6393514,Winter,Reading,204,52,,,
6393514,Fall,Reading,199,48,0,,
3315739,Spring,Reading,172,37,,1,0
3315739,Fall,Reading,159,46,0,,
3315739,Spring,Mathematics,184,65,,0,1
3315739,Fall,Mathematics,156,31,0,,
3846749,Spring,Mathematics,222,24,,0,1
3954757,Spring,Reading,197,69,,1,1
3954757,Fall,Reading,179,58,0,,
3954757,Spring,Mathematics,198,70,,0,0
3954757,Fall,Mathematics,193,87,1,,
3182758,Spring,Reading,222,99,,1,0
3819753,Spring,Reading,226,99,,1,1
6430726,Spring,Reading,178,1,,0,0
6430726,Winter,Reading,180,2,,,
6430726,Fall,Reading,174,1,0,,
3878788,Spring,Mathematics,202,80,,0,0
3878788,Winter,Mathematics,192,70,,,
3878788,Fall,Mathematics,192,86,1,,
3182758,Winter,Reading,212,97,,,
3182758,Fall,Reading,215,99,1,,
3182758,Spring,Mathematics,223,99,,1,1
3182758,Winter,Mathematics,207,96,,,
3182758,Fall,Mathematics,205,98,1,,
6021701,Spring,Reading,193,9,,0,0
6021701,Winter,Reading,199,22,,,
6021701,Fall,Reading,203,39,1,,
3338782,Spring,Mathematics,217,39,,0,1
3338782,Winter,Mathematics,212,34,,,
3338782,Fall,Mathematics,205,29,0,,
3448796,Spring,Reading,160,12,,0,0
3448796,Fall,Reading,148,17,0,,
3096416,Spring,Mathematics,163,62,,0,1
3096416,Fall,Mathematics,139,34,0,,
3828783,Spring,Reading,143,11,,0,0
3828783,Fall,Reading,133,18,0,,
3828783,Spring,Mathematics,161,56,,0,1
3828783,Fall,Mathematics,137,28,0,,
3855417,Spring,Mathematics,162,59,,0,0
3855417,Spring,Reading,161,61,,0,0
6107422,Spring,Reading,197,14,,0,0
6107422,Winter,Reading,197,18,,,
6107422,Fall,Reading,201,33,1,,
3968410,Spring,Reading,160,58,,0,0
3968410,Winter,Reading,148,39,,,
3968410,Spring,Mathematics,174,87,,0,0
3968410,Winter,Mathematics,156,66,,,
6367510,Spring,Reading,205,30,,0,0
6367510,Winter,Reading,201,27,,,
6367510,Fall,Reading,209,55,1,,
3448796,Spring,Mathematics,206,98,,1,1
3448796,Fall,Mathematics,156,31,0,,
3042715,Spring,Reading,169,2,,1,0
3042715,Winter,Reading,179,14,,,
3042715,Fall,Reading,171,10,1,,
3042715,Fall,Mathematics,160,1,0,,
6430726,Fall,Mathematics,188,4,0,,
6430726,Spring,Mathematics,198,6,,0,1
6430726,Winter,Mathematics,192,4,,,
6107422,Spring,Mathematics,219,45,,1,1
6107422,Winter,Mathematics,207,23,,,
6107422,Fall,Mathematics,207,34,0,,
3043732,Spring,Reading,158,51,,0,0
3043732,Spring,Mathematics,163,62,,0,0
3361418,Spring,Reading,181,98,,0,1
3361418,Fall,Reading,149,72,0,,
3361418,Spring,Mathematics,181,95,,0,1
3361418,Fall,Mathematics,160,91,0,,
3056791,Spring,Mathematics,179,50,,0,0
3056791,Winter,Mathematics,172,49,,,
6393514,Spring,Mathematics,228,86,,1,1
6393514,Winter,Mathematics,207,45,,,
6393514,Fall,Mathematics,210,68,1,,
6367510,Spring,Mathematics,229,71,,1,1
6367510,Winter,Mathematics,207,23,,,
6367510,Fall,Mathematics,205,29,1,,
3042715,Spring,Mathematics,180,4,,0,1
3042715,Winter,Mathematics,178,5,,,
7107374,Spring,Reading,168,1,,0,1
7107374,Winter,Reading,158,1,,,
7107374,Fall,Reading,150,1,0,,
7107374,Spring,Mathematics,168,1,,0,0
7107374,Winter,Mathematics,166,1,,,
7107374,Fall,Mathematics,167,1,1,,
6905514,Spring,Reading,201,55,,0,1
6905514,Winter,Reading,190,38,,,
6905514,Fall,Reading,185,37,1,,
6905514,Winter,Mathematics,196,42,,,
6905514,Fall,Mathematics,189,40,0,,
6021701,Winter,Mathematics,206,21,,,
6021701,Fall,Mathematics,210,42,1,,
6021701,Spring,Mathematics,202,10,,0,0
3284414,Fall,Reading,207,69,0,,
3284414,Fall,Mathematics,205,54,0,,
7267108,Winter,Reading,188,2,,,
7267108,Fall,Reading,198,10,0,,
6754555,Spring,Reading,204,63,,0,0
6754555,Winter,Reading,203,72,,,
6754555,Fall,Reading,201,77,1,,
6754555,Fall,Mathematics,191,47,0,,
6426586,Spring,Reading,207,71,,1,0
6426586,Winter,Reading,204,74,,,
6426586,Fall,Reading,218,97,1,,
6426586,Winter,Mathematics,209,80,,,
6426586,Fall,Mathematics,196,62,0,,
6754555,Spring,Mathematics,216,84,,1,1
6754555,Winter,Mathematics,203,64,,,
3006735,Spring,Reading,190,81,,1,0
3006735,Winter,Reading,180,76,,,
3006735,Fall,Reading,176,89,1,,
7639395,Fall,Mathematics,184,1,0,,
3861410,Spring,Reading,141,8,,0,0
3861410,Spring,Mathematics,145,14,,0,0
6426586,Spring,Mathematics,217,86,,1,1
3044745,Spring,Reading,215,96,,1,0
3044745,Winter,Reading,202,89,,,
3044745,Fall,Reading,206,97,1,,
3056791,Fall,Mathematics,167,62,1,,
3056791,Spring,Reading,176,48,,0,0
3056791,Winter,Reading,166,36,,,
3056791,Fall,Reading,160,49,1,,
3489742,Spring,Reading,176,5,,0,0
3489742,Winter,Reading,163,1,,,
3489742,Fall,Reading,171,10,0,,
3489742,Spring,Mathematics,180,4,,0,0
3489742,Winter,Mathematics,176,4,,,
3489742,Fall,Mathematics,184,26,1,,
3044745,Spring,Mathematics,202,80,,0,1
3044745,Winter,Mathematics,198,84,,,
3044745,Fall,Mathematics,186,73,0,,
3828411,Spring,Reading,180,26,,1,1
3828411,Fall,Reading,159,14,0,,
3828411,Spring,Mathematics,189,43,,1,1
3828411,Winter,Mathematics,178,27,,,
3828411,Fall,Mathematics,166,17,0,,
3339413,Spring,Reading,164,19,,0,0
3339413,Fall,Reading,160,49,0,,
3339413,Spring,Mathematics,168,19,,0,0
3339413,Fall,Mathematics,155,28,0,,
3120780,Spring,Reading,180,1,,0,0
3120780,Winter,Reading,193,12,,,
3120780,Fall,Reading,187,8,1,,
3120780,Spring,Mathematics,199,7,,0,1
3120780,Winter,Mathematics,182,1,,,
3120780,Fall,Mathematics,185,2,0,,
3006735,Spring,Mathematics,194,88,,0,1
3006735,Winter,Mathematics,179,70,,,
3006735,Fall,Mathematics,175,82,1,,
7216389,Winter,Reading,218,41,,,
7216389,Fall,Reading,210,27,0,,
7216389,Winter,Mathematics,234,53,,,
7216389,Fall,Mathematics,237,66,1,,
7635967,Spring,Mathematics,209,,,0,0
3909795,Spring,Reading,175,45,,1,1
3909795,Fall,Reading,148,17,1,,
3909795,Spring,Mathematics,172,29,,0,1
3909795,Fall,Mathematics,153,24,0,,
3653443,Spring,Reading,164,70,,0,1
3653443,Fall,Reading,132,16,0,,
3653443,Spring,Mathematics,163,62,,0,1
3653443,Fall,Mathematics,136,25,0,,
6611425,Spring,Mathematics,219,68,,0,0
6611425,Winter,Mathematics,223,86,,,
6611425,Fall,Mathematics,220,89,0,,
6611425,Spring,Reading,219,81,,1,0
6611425,Winter,Reading,207,61,,,
6611425,Fall,Reading,215,86,1,,
6509532,Fall,Mathematics,178,87,0,,
3131751,Spring,Mathematics,201,78,,1,0
3131751,Winter,Mathematics,202,91,,,
3131751,Fall,Mathematics,195,90,1,,
3131751,Spring,Reading,213,94,,1,0
3131751,Winter,Reading,213,98,,,
3131751,Fall,Reading,205,97,1,,
6578478,Spring,Reading,186,7,,0,1
6578478,Winter,Reading,177,3,,,
6578478,Fall,Reading,169,2,0,,
3001751,Spring,Reading,192,56,,0,0
3001751,Winter,Reading,188,62,,,
3001751,Fall,Reading,182,65,1,,
6016486,Fall,Reading,153,1,0,,
3678413,Spring,Reading,165,5,,0,0
3678413,Winter,Reading,167,13,,,
6578478,Spring,Mathematics,205,30,,1,1
6578478,Winter,Mathematics,185,4,,,
6578478,Fall,Mathematics,193,21,1,,
3001751,Spring,Mathematics,209,92,,1,1
3001751,Winter,Mathematics,200,88,,,
3001751,Fall,Mathematics,196,92,1,,
6586730,Winter,Mathematics,254,99,,,
3946719,Spring,Reading,165,1,,0,0
3946719,Winter,Reading,159,1,,,
3946719,Fall,Reading,155,1,0,,
3678413,Fall,Reading,158,12,0,,
3678413,Spring,Mathematics,193,55,,0,1
3678413,Winter,Mathematics,181,36,,,
3678413,Fall,Mathematics,180,56,1,,
6905514,Spring,Mathematics,204,53,,1,1
3352758,Spring,Reading,161,3,,0,0
3352758,Winter,Reading,170,18,,,
3352758,Fall,Reading,149,4,0,,
6640721,Winter,Mathematics,228,76,,,
3681737,Spring,Reading,181,61,,1,1
3681737,Winter,Reading,173,57,,,
3681737,Fall,Reading,163,58,1,,
3681737,Spring,Mathematics,187,74,,0,1
3681737,Winter,Mathematics,175,58,,,
3681737,Fall,Mathematics,145,9,0,,
3946719,Winter,Mathematics,173,2,,,
3946719,Fall,Mathematics,152,1,0,,
3946719,Spring,Mathematics,174,1,,1,1
3352758,Spring,Mathematics,173,7,,0,1
3352758,Winter,Mathematics,168,8,,,
3352758,Fall,Mathematics,154,3,0,,
7272558,Fall,Reading,238,81,0,,
7272558,Fall,Mathematics,219,19,0,,
3308780,Spring,Reading,182,64,,1,1
3308780,Fall,Reading,147,15,0,,
3308780,Spring,Mathematics,176,41,,1,1
3308780,Fall,Mathematics,158,36,1,,
7267108,Winter,Mathematics,214,20,,,
7267108,Fall,Mathematics,205,11,0,,
3885739,Spring,Reading,179,56,,1,0
3183733,Spring,Reading,190,81,,1,0
3183733,Winter,Reading,183,82,,,
3183733,Fall,Reading,175,88,0,,
3079411,Spring,Reading,168,81,,0,1
3079411,Fall,Reading,148,69,0,,
3079411,Spring,Mathematics,173,85,,0,1
3079411,Fall,Mathematics,153,78,0,,
3608798,Spring,Reading,177,50,,1,1
3608798,Winter,Reading,172,54,,,
3608798,Fall,Reading,154,31,1,,
3183733,Spring,Mathematics,202,96,,1,1
3183733,Winter,Mathematics,197,97,,,
3183733,Fall,Mathematics,176,83,0,,
3661416,Spring,Reading,181,61,,1,1
3661416,Winter,Reading,164,31,,,
3661416,Fall,Reading,157,40,0,,
3661416,Spring,Mathematics,183,62,,0,1
3661416,Winter,Mathematics,161,19,,,
3661416,Fall,Mathematics,166,59,0,,
3729414,Spring,Reading,162,64,,0,1
3729414,Fall,Reading,139,37,0,,
3729414,Spring,Mathematics,171,82,,0,1
3729414,Fall,Mathematics,141,41,0,,
6827555,Spring,Reading,183,33,,1,1
6827555,Fall,Reading,157,11,1,,
6827555,Spring,Mathematics,190,46,,1,1
6827555,Fall,Mathematics,166,17,0,,
3382413,Spring,Reading,166,23,,1,0
3382413,Winter,Reading,161,23,,,
3382413,Fall,Reading,159,46,0,,
3382413,Spring,Mathematics,183,62,,0,1
3382413,Winter,Mathematics,161,19,,,
3584449,Spring,Reading,178,53,,0,1
3584449,Winter,Reading,165,33,,,
3584449,Fall,Reading,157,40,0,,
3584449,Spring,Mathematics,181,56,,0,1
3584449,Winter,Mathematics,162,21,,,
3584449,Fall,Mathematics,162,48,0,,
6016486,Fall,Mathematics,160,1,0,,
3331735,Spring,Reading,185,71,,0,0
3331735,Winter,Reading,185,86,,,
3331735,Fall,Reading,179,93,1,,
3331735,Spring,Mathematics,209,99,,1,1
3331735,Winter,Mathematics,197,97,,,
3331735,Fall,Mathematics,187,96,1,,
6933475,Spring,Reading,214,70,,0,0
6933475,Winter,Reading,214,78,,,
6933475,Fall,Reading,217,89,1,,
3608798,Spring,Mathematics,173,32,,0,1
3608798,Winter,Mathematics,168,37,,,
3608798,Fall,Mathematics,155,28,1,,
3933415,Spring,Reading,174,92,,0,1
3933415,Fall,Reading,148,69,0,,
3933415,Spring,Mathematics,175,89,,0,1
3933415,Fall,Mathematics,137,28,0,,
3775416,Spring,Reading,163,67,,0,0
3775416,Fall,Reading,154,85,0,,
3775416,Spring,Mathematics,177,91,,0,1
3775416,Fall,Mathematics,153,78,0,,
6933475,Spring,Mathematics,226,83,,1,1
6933475,Winter,Mathematics,221,82,,,
6933475,Fall,Mathematics,212,73,0,,
6179739,Winter,Mathematics,211,32,,,
3288412,Fall,Reading,162,18,1,,
3161415,Spring,Reading,150,26,,0,0
3161415,Fall,Reading,137,30,0,,
3161415,Spring,Mathematics,158,47,,0,1
3161415,Fall,Mathematics,136,25,0,,
6963724,Winter,Mathematics,264,99,,,
3544792,Spring,Reading,176,18,,0,1
3544792,Winter,Reading,176,30,,,
3544792,Fall,Reading,160,15,0,,
3003447,Spring,Reading,159,2,,0,0
3003447,Winter,Reading,162,7,,,
3003447,Fall,Reading,156,10,0,,
3003447,Spring,Mathematics,190,46,,0,1
3003447,Winter,Mathematics,171,12,,,
3003447,Fall,Mathematics,166,17,0,,
3885739,Winter,Reading,176,65,,,
3885739,Fall,Reading,169,75,1,,
3885739,Spring,Mathematics,183,62,,1,1
3885739,Winter,Mathematics,176,61,,,
3885739,Fall,Mathematics,162,48,1,,
7713170,Winter,Mathematics,229,36,,,
7713170,Fall,Mathematics,219,20,0,,
3941447,Winter,Reading,158,4,,,
3941447,Fall,Reading,151,5,0,,
3941447,Winter,Mathematics,168,8,,,
3941447,Fall,Mathematics,162,11,0,,
6404472,Spring,Reading,183,2,,0,0
6404472,Winter,Reading,173,1,,,
6404472,Fall,Reading,184,5,1,,
3343419,Spring,Reading,201,55,,0,1
3343419,Winter,Reading,201,67,,,
3343419,Fall,Reading,192,56,1,,
3544792,Spring,Mathematics,184,28,,0,0
3544792,Winter,Mathematics,179,30,,,
3544792,Fall,Mathematics,171,29,0,,
3226755,Spring,Reading,183,33,,1,0
3226755,Winter,Reading,175,28,,,
3226755,Fall,Reading,177,53,1,,
3492419,Spring,Reading,190,81,,1,1
3631449,Fall,Reading,151,78,0,,
3631449,Fall,Mathematics,145,54,0,,
3226755,Spring,Mathematics,192,52,,1,0
3226755,Winter,Mathematics,192,70,,,
3226755,Fall,Mathematics,183,64,1,,
3780757,Spring,Reading,199,74,,1,1
3780757,Fall,Reading,184,70,1,,
3780757,Spring,Mathematics,204,84,,1,1
3780757,Fall,Mathematics,191,84,1,,
3604741,Spring,Reading,195,39,,1,1
3604741,Winter,Reading,186,28,,,
3604741,Fall,Reading,185,37,1,,
6404472,Spring,Mathematics,183,1,,0,0
6404472,Winter,Mathematics,187,2,,,
6404472,Fall,Mathematics,186,3,0,,
3343419,Spring,Mathematics,202,47,,0,1
3343419,Winter,Mathematics,199,52,,,
3343419,Fall,Mathematics,187,34,0,,
3288412,Fall,Mathematics,167,19,1,,
3604741,Fall,Mathematics,181,19,0,,
3604741,Spring,Mathematics,201,44,,1,1
3604741,Winter,Mathematics,188,20,,,
3869780,Spring,Reading,207,88,,0,0
3869780,Winter,Reading,211,97,,,
3492419,Winter,Reading,179,73,,,
3492419,Fall,Reading,171,80,1,,
3492419,Spring,Mathematics,201,96,,1,1
3492419,Winter,Mathematics,189,90,,,
3492419,Fall,Mathematics,183,93,1,,
6207466,Spring,Reading,214,70,,0,0
3782796,Spring,Reading,174,42,,0,0
3782796,Fall,Reading,159,46,0,,
3782796,Spring,Mathematics,179,50,,0,0
3782796,Fall,Mathematics,174,80,0,,
3869780,Fall,Reading,205,97,1,,
3869780,Spring,Mathematics,201,78,,0,0
3869780,Winter,Mathematics,198,84,,,
3869780,Fall,Mathematics,193,87,1,,
3117414,Spring,Reading,160,58,,0,1
3117414,Fall,Reading,139,37,0,,
3117414,Spring,Mathematics,159,50,,0,0
3117414,Fall,Mathematics,144,51,0,,
7258827,Spring,Reading,163,1,,0,0
7258827,Winter,Reading,153,1,,,
7258827,Fall,Reading,165,1,1,,
6601407,Spring,Reading,200,32,,0,0
3724411,Spring,Reading,160,58,,0,0
3724411,Spring,Mathematics,158,47,,0,0
3158418,Spring,Reading,153,34,,0,0
3158418,Spring,Mathematics,164,64,,0,0
3729447,Spring,Reading,165,1,,0,1
3729447,Winter,Reading,163,1,,,
3729447,Fall,Reading,150,1,0,,
3729447,Spring,Mathematics,194,2,,0,1
3729447,Winter,Mathematics,185,1,,,
3729447,Fall,Mathematics,186,1,0,,
3326788,Spring,Reading,208,38,,1,0
3326788,Winter,Reading,212,56,,,
3326788,Fall,Reading,217,76,1,,
7258827,Spring,Mathematics,167,1,,0,0
7258827,Winter,Mathematics,183,3,,,
7258827,Fall,Mathematics,167,1,1,,
6207466,Winter,Reading,216,82,,,
6207466,Fall,Reading,216,87,1,,
6207466,Spring,Mathematics,232,92,,1,1
6207466,Winter,Mathematics,216,71,,,
6207466,Fall,Mathematics,212,73,1,,
3939795,Spring,Reading,193,86,,1,1
3939795,Winter,Reading,172,54,,,
3939795,Fall,Reading,172,82,1,,
3326788,Spring,Mathematics,221,50,,0,0
3326788,Winter,Mathematics,221,59,,,
3326788,Fall,Mathematics,216,59,1,,
3058714,Spring,Reading,192,31,,0,0
3058714,Winter,Reading,203,72,,,
3058714,Fall,Reading,207,87,1,,
3058714,Spring,Mathematics,210,70,,0,0
3058714,Winter,Mathematics,198,48,,,
3058714,Fall,Mathematics,202,78,0,,
3678744,Spring,Reading,147,2,,0,0
3678744,Fall,Reading,143,9,0,,
3678744,Spring,Mathematics,162,9,,0,0
3678744,Fall,Mathematics,150,17,0,,
3939795,Spring,Mathematics,186,71,,0,1
3939795,Winter,Mathematics,179,70,,,
3939795,Fall,Mathematics,170,70,1,,
3945752,Spring,Reading,190,51,,0,0
3945752,Winter,Reading,182,46,,,
3945752,Fall,Reading,182,65,0,,
3945752,Spring,Mathematics,196,65,,1,1
3945752,Winter,Mathematics,192,70,,,
3945752,Fall,Mathematics,174,37,0,,
3427714,Spring,Reading,163,1,,0,0
3427714,Winter,Reading,153,1,,,
3427714,Spring,Mathematics,162,1,,0,0
3427714,Winter,Mathematics,180,2,,,
3384752,Spring,Reading,171,11,,0,0
3384752,Fall,Reading,171,38,1,,
3384752,Spring,Mathematics,209,92,,1,0
3232413,Spring,Reading,164,4,,1,0
3232413,Winter,Reading,143,1,,,
3232413,Fall,Reading,147,3,0,,
3232413,Spring,Mathematics,182,23,,1,1
3295780,Spring,Reading,193,59,,0,0
3295780,Winter,Reading,188,62,,,
3295780,Fall,Reading,181,63,1,,
3384752,Fall,Mathematics,204,98,1,,
3232413,Winter,Mathematics,182,39,,,
3232413,Fall,Mathematics,163,12,0,,
3917447,Spring,Reading,163,67,,0,1
3917447,Fall,Reading,139,37,0,,
3917447,Spring,Mathematics,165,67,,0,1
3917447,Fall,Mathematics,137,28,0,,
3225735,Spring,Reading,172,89,,0,1
3225735,Fall,Reading,141,44,0,,
3225735,Spring,Mathematics,163,62,,0,1
3225735,Fall,Mathematics,139,34,0,,
6940484,Spring,Reading,207,51,,0,0
6940484,Winter,Reading,196,30,,,
6940484,Fall,Reading,206,67,1,,
3295780,Spring,Mathematics,185,31,,0,0
3295780,Winter,Mathematics,181,36,,,
3295780,Fall,Mathematics,182,62,0,,
6601407,Winter,Reading,199,38,,,
6601407,Fall,Reading,197,42,0,,
6601407,Spring,Mathematics,221,73,,1,1
6601407,Winter,Mathematics,203,34,,,
6601407,Fall,Mathematics,200,39,0,,
3844418,Spring,Mathematics,164,64,,0,1
6454444,Spring,Reading,195,20,,0,0
6454444,Winter,Reading,197,33,,,
6454444,Fall,Reading,205,64,1,,
3844418,Fall,Mathematics,134,20,0,,
3844418,Spring,Reading,145,14,,0,1
3844418,Fall,Reading,127,7,0,,
3094732,Spring,Reading,207,98,,0,0
3094732,Fall,Reading,195,99,0,,
3094732,Spring,Mathematics,215,99,,1,1
3094732,Fall,Mathematics,202,99,0,,
6454444,Spring,Mathematics,218,65,,1,1
6454444,Winter,Mathematics,206,42,,,
6454444,Fall,Mathematics,201,42,1,,
3042796,Spring,Reading,184,69,,1,1
3042796,Winter,Reading,174,60,,,
3042796,Fall,Reading,154,31,1,,
3042796,Spring,Mathematics,187,74,,1,1
3042796,Winter,Mathematics,178,67,,,
3984756,Spring,Reading,225,96,,1,1
3984756,Winter,Reading,220,96,,,
3984756,Fall,Reading,215,95,1,,
3984756,Fall,Mathematics,207,88,0,,
7492159,Spring,Reading,195,4,,0,0
7492159,Winter,Reading,191,3,,,
7492159,Fall,Reading,194,6,0,,
7492159,Fall,Mathematics,208,15,0,,
3444796,Fall,Mathematics,142,6,0,,
3444796,Fall,Reading,158,43,1,,
3898751,Spring,Reading,182,30,,1,1
3898751,Fall,Reading,166,26,0,,
3898751,Spring,Mathematics,184,28,,1,0
3898751,Fall,Mathematics,176,43,1,,
3853780,Spring,Reading,193,59,,0,0
3443796,Spring,Reading,179,56,,1,1
3443796,Fall,Reading,160,49,0,,
3443796,Spring,Mathematics,182,59,,0,0
3443796,Fall,Mathematics,175,82,0,,
7492159,Spring,Mathematics,200,4,,0,0
7492159,Winter,Mathematics,213,19,,,
3225447,Spring,Reading,174,15,,0,1
3225447,Winter,Reading,141,1,,,
3225447,Fall,Reading,144,2,0,,
3225447,Spring,Mathematics,188,40,,0,1
3225447,Winter,Mathematics,160,2,,,
3225447,Fall,Mathematics,143,1,0,,
3853780,Winter,Reading,190,67,,,
3853780,Fall,Reading,183,68,1,,
3853780,Spring,Mathematics,188,40,,0,0
3853780,Winter,Mathematics,186,52,,,
3853780,Fall,Mathematics,178,49,1,,
3894758,Spring,Reading,210,91,,1,0
3894758,Fall,Reading,203,96,1,,
3383413,Spring,Mathematics,180,4,,0,1
3383413,Winter,Mathematics,168,1,,,
3383413,Fall,Mathematics,166,2,0,,
3383413,Spring,Reading,161,1,,0,0
3383413,Winter,Reading,149,1,,,
3383413,Fall,Reading,159,2,0,,
3350416,Spring,Reading,197,99,,0,0
3350416,Spring,Mathematics,169,77,,0,0
3429749,Spring,Reading,191,28,,1,1
3429749,Winter,Reading,186,28,,,
3429749,Fall,Reading,168,7,0,,
3042796,Fall,Mathematics,164,54,1,,
6906462,Spring,Reading,214,70,,1,0
6906462,Winter,Reading,212,73,,,
6906462,Fall,Reading,219,91,1,,
6779704,Spring,Reading,198,16,,0,0
6779704,Winter,Reading,201,27,,,
6779704,Fall,Reading,196,22,1,,
6779704,Fall,Mathematics,206,31,1,,
3900758,Spring,Reading,170,9,,0,1
3900758,Winter,Reading,159,5,,,
3900758,Fall,Reading,153,7,0,,
3778442,Spring,Reading,157,48,,0,0
6906462,Spring,Mathematics,224,79,,0,0
6906462,Winter,Mathematics,219,78,,,
6906462,Fall,Mathematics,221,91,0,,
6565750,Spring,Reading,189,5,,1,0
6565750,Winter,Reading,189,7,,,
6565750,Fall,Reading,196,22,1,,
3704741,Spring,Reading,187,43,,1,0
3704741,Winter,Reading,178,35,,,
3704741,Fall,Reading,178,55,1,,
3894758,Fall,Mathematics,211,99,1,,
6940484,Spring,Mathematics,215,57,,1,1
6940484,Winter,Mathematics,208,48,,,
6940484,Fall,Mathematics,202,45,0,,
3900758,Spring,Mathematics,175,10,,0,0
3900758,Winter,Mathematics,171,12,,,
3900758,Fall,Mathematics,166,17,1,,
3429749,Spring,Mathematics,192,20,,0,1
3429749,Winter,Mathematics,188,20,,,
3429749,Fall,Mathematics,178,13,0,,
6500583,Spring,Reading,211,79,,0,0
6500583,Winter,Reading,210,86,,,
6500583,Fall,Reading,204,83,1,,
6500583,Winter,Mathematics,207,75,,,
6500583,Fall,Mathematics,194,56,0,,
3778442,Fall,Reading,144,55,0,,
3778442,Spring,Mathematics,156,41,,0,1
3778442,Fall,Mathematics,139,34,0,,
3704741,Spring,Mathematics,185,31,,0,0
3704741,Winter,Mathematics,182,39,,,
3704741,Fall,Mathematics,179,52,1,,
3927418,Spring,Reading,157,1,,1,1
3927418,Winter,Reading,142,1,,,
3927418,Fall,Reading,138,1,0,,
3984756,Spring,Mathematics,233,99,,1,1
3984756,Winter,Mathematics,217,93,,,
3623749,Spring,Reading,204,63,,1,1
3623749,Winter,Reading,206,78,,,
3623749,Fall,Reading,188,45,0,,
3665795,Spring,Reading,178,53,,0,0
3665795,Fall,Reading,173,84,1,,
3665795,Spring,Mathematics,206,98,,1,1
3665795,Fall,Mathematics,171,73,0,,
3185715,Spring,Reading,204,63,,0,0
3185715,Winter,Reading,204,74,,,
3185715,Fall,Reading,202,79,1,,
6500583,Spring,Mathematics,211,73,,0,1
3623749,Winter,Mathematics,203,64,,,
3623749,Fall,Mathematics,190,43,0,,
3623749,Spring,Mathematics,214,80,,1,1
6565750,Spring,Mathematics,210,23,,0,0
6565750,Winter,Mathematics,208,25,,,
3613791,Spring,Reading,183,66,,1,1
3613791,Winter,Reading,178,71,,,
3613791,Fall,Reading,163,58,1,,
3780735,Spring,Reading,171,87,,0,1
3780735,Fall,Reading,144,55,0,,
3780735,Spring,Mathematics,169,77,,0,1
3780735,Fall,Mathematics,143,47,0,,
6193471,Spring,Reading,213,67,,1,1
6193471,Winter,Reading,207,61,,,
6193471,Fall,Reading,199,48,0,,
3613791,Spring,Mathematics,194,88,,1,1
3613791,Winter,Mathematics,187,87,,,
3613791,Fall,Mathematics,178,87,1,,
3775735,Spring,Reading,190,81,,1,1
3775735,Fall,Reading,165,64,0,,
3775735,Spring,Mathematics,182,59,,1,1
3775735,Fall,Mathematics,165,56,0,,
6309510,Fall,Reading,228,67,0,,
6309510,Fall,Mathematics,223,27,0,,
3094411,Spring,Reading,141,8,,0,1
3927418,Spring,Mathematics,195,2,,0,1
3927418,Winter,Mathematics,185,1,,,
3927418,Fall,Mathematics,191,1,0,,
6932481,Spring,Reading,209,56,,0,0
6932481,Winter,Reading,212,73,,,
6932481,Fall,Reading,214,84,1,,
6779704,Spring,Mathematics,213,29,,0,0
6779704,Winter,Mathematics,210,29,,,
3428796,Spring,Reading,160,12,,0,1
3428796,Fall,Reading,136,3,0,,
3428796,Spring,Mathematics,178,47,,0,1
3428796,Fall,Mathematics,156,31,0,,
6565750,Fall,Mathematics,213,50,1,,
3362447,Fall,Reading,208,28,0,,
3362447,Fall,Mathematics,208,15,0,,
3891782,Spring,Reading,186,40,,0,0
3891782,Winter,Reading,185,54,,,
3891782,Fall,Reading,180,60,0,,
6193471,Spring,Mathematics,209,40,,1,0
6193471,Winter,Mathematics,201,28,,,
6193471,Fall,Mathematics,204,51,1,,
3891782,Spring,Mathematics,205,86,,0,1
3891782,Winter,Mathematics,192,70,,,
3891782,Fall,Mathematics,193,87,1,,
3094411,Fall,Reading,121,2,0,,
3094411,Spring,Mathematics,138,6,,0,0
3094411,Fall,Mathematics,128,9,0,,
3725413,Spring,Reading,174,92,,0,0
3725413,Spring,Mathematics,179,93,,0,0
7877596,Fall,Mathematics,213,13,0,,
3843442,Spring,Reading,131,1,,0,0
3843442,Fall,Reading,131,14,0,,
3843442,Spring,Mathematics,137,5,,0,0
3843442,Fall,Mathematics,119,1,0,,
3464737,Spring,Reading,193,86,,1,1
3464737,Winter,Reading,181,78,,,
3464737,Fall,Reading,171,80,1,,
3464737,Spring,Mathematics,202,96,,1,1
3464737,Winter,Mathematics,195,96,,,
3464737,Fall,Mathematics,175,82,1,,
3572791,Spring,Reading,146,16,,0,1
3572791,Fall,Reading,117,1,0,,
3572791,Spring,Mathematics,148,20,,0,1
3572791,Fall,Mathematics,116,1,0,,
3474795,Spring,Reading,176,48,,0,0
3474795,Fall,Reading,171,80,0,,
6932481,Spring,Mathematics,236,95,,0,0
6932481,Winter,Mathematics,227,91,,,
6932481,Fall,Mathematics,230,98,1,,
6882724,Spring,Reading,217,63,,0,1
6882724,Winter,Reading,215,64,,,
6882724,Fall,Reading,209,55,1,,
6882724,Spring,Mathematics,224,58,,0,1
6882724,Winter,Mathematics,217,48,,,
6882724,Fall,Mathematics,216,59,1,,
3363412,Fall,Reading,146,13,0,,
7624122,Fall,Reading,229,74,1,,
3930716,Spring,Reading,188,22,,1,1
3930716,Winter,Reading,188,32,,,
3930716,Fall,Reading,168,7,0,,
3628786,Spring,Reading,194,18,,0,1
3628786,Winter,Reading,214,78,,,
3628786,Fall,Reading,180,3,1,,
3628786,Spring,Mathematics,224,79,,0,1
3628786,Winter,Mathematics,211,57,,,
3628786,Fall,Mathematics,204,27,1,,
3930716,Winter,Mathematics,196,42,,,
3930716,Fall,Mathematics,189,40,0,,
3930716,Spring,Mathematics,202,47,,1,1
3764798,Spring,Reading,177,20,,0,1
3764798,Fall,Reading,154,8,0,,
3764798,Spring,Mathematics,189,43,,0,0
3474795,Spring,Mathematics,178,47,,0,0
3474795,Fall,Mathematics,185,95,0,,
3185715,Winter,Mathematics,205,70,,,
3185715,Fall,Mathematics,202,78,0,,
3185715,Spring,Mathematics,208,65,,0,0
3898418,Spring,Reading,145,14,,0,0
3898418,Fall,Reading,141,44,0,,
6926517,Spring,Mathematics,202,10,,0,1
6926517,Winter,Mathematics,188,2,,,
6926517,Fall,Mathematics,180,1,0,,
6926517,Spring,Reading,190,6,,0,1
6926517,Winter,Reading,188,6,,,
6926517,Fall,Reading,170,1,0,,
7624122,Fall,Mathematics,242,76,0,,
3244718,Spring,Reading,192,8,,1,1
3898418,Spring,Mathematics,138,6,,0,0
3898418,Fall,Mathematics,131,14,0,,
3244718,Winter,Reading,181,2,,,
3244718,Fall,Reading,183,4,1,,
3244718,Winter,Mathematics,191,3,,,
3244718,Fall,Mathematics,197,13,1,,
3764798,Fall,Mathematics,179,52,0,,
3015410,Spring,Reading,157,48,,0,0
3015410,Spring,Mathematics,147,18,,0,0
3275447,Spring,Reading,154,38,,0,0
3275447,Spring,Mathematics,165,67,,0,1
3275447,Fall,Mathematics,140,37,0,,
3377413,Spring,Reading,185,71,,1,1
3377413,Fall,Reading,161,52,0,,
3377413,Spring,Mathematics,202,96,,0,1
3377413,Fall,Mathematics,172,75,0,,
6494482,Spring,Reading,193,17,,1,1
6494482,Winter,Reading,182,7,,,
6494482,Fall,Reading,175,4,1,,
3244718,Spring,Mathematics,200,8,,1,0
3042789,Spring,Reading,215,86,,1,1
3042789,Winter,Reading,206,78,,,
3042789,Fall,Reading,194,61,1,,
6494482,Spring,Mathematics,177,1,,1,1
6494482,Winter,Mathematics,179,1,,,
6494482,Fall,Mathematics,167,1,0,,
3382413,Fall,Mathematics,162,48,0,,
6668441,Spring,Reading,177,2,,0,0
6668441,Winter,Reading,168,1,,,
6668441,Fall,Reading,172,3,0,,
3965752,Spring,Reading,192,56,,1,0
3965752,Fall,Reading,186,74,1,,
3042789,Fall,Mathematics,200,74,1,,
3042789,Spring,Mathematics,221,92,,0,1
3042789,Winter,Mathematics,212,86,,,
3965752,Spring,Mathematics,196,65,,1,1
3965752,Fall,Mathematics,181,59,1,,
6095715,Spring,Reading,168,2,,0,1
6095715,Winter,Reading,169,4,,,
6095715,Fall,Reading,141,1,0,,
6665742,Spring,Reading,199,18,,0,0
6665742,Winter,Reading,205,37,,,
6665742,Fall,Reading,200,31,1,,
6665742,Fall,Mathematics,205,29,1,,
3062790,Spring,Reading,160,58,,0,0
3062790,Fall,Reading,149,72,0,,
3062790,Spring,Mathematics,171,82,,0,1
3062790,Fall,Mathematics,135,23,0,,
6668441,Spring,Mathematics,191,6,,1,1
6668441,Winter,Mathematics,190,8,,,
6668441,Fall,Mathematics,176,2,0,,
6665742,Spring,Mathematics,218,42,,1,1
6665742,Winter,Mathematics,212,34,,,
3720411,Spring,Reading,167,25,,1,1
3720411,Fall,Reading,151,23,0,,
3720411,Spring,Mathematics,171,26,,1,1
3720411,Fall,Mathematics,149,15,0,,
6246791,Spring,Reading,226,83,,0,0
6095715,Spring,Mathematics,181,4,,0,0
6095715,Winter,Mathematics,180,7,,,
6095715,Fall,Mathematics,175,9,1,,
3867413,Spring,Reading,147,18,,0,1
3867413,Fall,Reading,122,2,0,,
3867413,Spring,Mathematics,149,22,,0,1
3867780,Spring,Reading,189,80,,1,0
3867780,Winter,Reading,185,86,,,
3867780,Fall,Reading,175,88,0,,
3867780,Spring,Mathematics,184,65,,0,1
3867780,Winter,Mathematics,174,55,,,
3867780,Fall,Mathematics,167,62,1,,
6102764,Spring,Reading,210,44,,0,1
6102764,Winter,Reading,206,39,,,
6102764,Fall,Reading,202,36,1,,
6246791,Winter,Reading,222,81,,,
6246791,Fall,Reading,224,88,1,,
3867413,Fall,Mathematics,119,1,0,,
7946393,Fall,Reading,196,4,0,,
7946393,Fall,Mathematics,204,5,0,,
6246791,Spring,Mathematics,237,86,,1,1
6246791,Winter,Mathematics,230,80,,,
6246791,Fall,Mathematics,228,86,1,,
6170421,Fall,Mathematics,237,99,1,,
6170421,Spring,Mathematics,246,99,,1,0
6170421,Winter,Mathematics,235,97,,,
6102764,Winter,Mathematics,216,45,,,
6102764,Fall,Mathematics,208,36,1,,
3933419,Spring,Reading,165,21,,0,0
3933419,Winter,Reading,159,19,,,
3933419,Fall,Reading,150,21,0,,
3881412,Spring,Reading,209,56,,0,0
3881412,Winter,Reading,206,58,,,
3881412,Fall,Reading,211,78,0,,
3881412,Spring,Mathematics,217,63,,0,1
3881412,Winter,Mathematics,202,31,,,
6170421,Spring,Reading,226,91,,1,1
6170421,Winter,Reading,226,95,,,
6170421,Fall,Reading,220,92,1,,
3897758,Spring,Reading,215,96,,1,1
3897758,Fall,Reading,199,93,0,,
3897758,Spring,Mathematics,206,88,,0,0
3746415,Spring,Reading,163,67,,0,0
6102764,Spring,Mathematics,219,45,,1,1
3746415,Spring,Mathematics,164,64,,0,1
3746415,Fall,Mathematics,138,31,0,,
3666412,Spring,Reading,191,28,,1,1
3666412,Winter,Reading,180,16,,,
3666412,Fall,Reading,174,14,1,,
3666412,Spring,Mathematics,199,38,,1,1
3666412,Winter,Mathematics,198,48,,,
3666412,Fall,Mathematics,188,37,1,,
3300415,Spring,Reading,161,61,,0,1
3300415,Fall,Reading,132,16,0,,
3300415,Spring,Mathematics,166,70,,0,1
3300415,Fall,Mathematics,129,10,0,,
3633714,Spring,Reading,186,18,,0,0
3933419,Spring,Mathematics,180,53,,1,1
3933419,Winter,Mathematics,166,31,,,
3933419,Fall,Mathematics,163,51,1,,
3956758,Spring,Reading,140,7,,0,0
3956758,Fall,Reading,131,14,0,,
3956758,Spring,Mathematics,139,6,,0,0
3956758,Fall,Mathematics,127,8,0,,
6249446,Fall,Reading,196,22,0,,
3633714,Winter,Reading,194,48,,,
3633714,Fall,Reading,190,50,1,,
3633714,Spring,Mathematics,206,59,,1,1
3633714,Winter,Mathematics,199,52,,,
3633714,Fall,Mathematics,195,59,1,,
3960410,Spring,Reading,152,31,,0,0
3960410,Winter,Reading,155,64,,,
3960410,Spring,Mathematics,176,90,,0,0
6249446,Fall,Mathematics,208,36,1,,
3541796,Spring,Reading,196,90,,1,1
3541796,Fall,Reading,176,89,1,,
3960410,Winter,Mathematics,165,87,,,
3018732,Spring,Reading,165,21,,1,1
3018732,Winter,Reading,152,8,,,
3018732,Fall,Reading,147,15,1,,
3334418,Spring,Reading,195,99,,0,0
3334418,Winter,Reading,192,99,,,
3334418,Spring,Mathematics,182,96,,0,0
3334418,Winter,Mathematics,169,93,,,
3541796,Spring,Mathematics,194,88,,0,1
3541796,Fall,Mathematics,180,90,1,,
6797776,Spring,Reading,206,33,,1,1
6797776,Winter,Reading,205,37,,,
6797776,Fall,Reading,194,18,1,,
3018732,Spring,Mathematics,173,32,,1,1
3018732,Winter,Mathematics,170,43,,,
3018732,Fall,Mathematics,148,14,0,,
6479482,Spring,Reading,165,1,,0,1
6479482,Winter,Reading,163,1,,,
6479482,Fall,Reading,150,1,0,,
7127814,Spring,Reading,152,1,,0,0
7127814,Winter,Reading,159,1,,,
7127814,Fall,Reading,151,1,0,,
7127814,Spring,Mathematics,175,1,,0,1
7127814,Winter,Mathematics,168,1,,,
6479482,Spring,Mathematics,172,1,,1,1
6479482,Winter,Mathematics,166,1,,,
6479482,Fall,Mathematics,158,1,0,,
7127814,Fall,Mathematics,150,1,0,,
6858532,Fall,Mathematics,182,21,0,,
6398510,Spring,Reading,197,25,,1,1
6398510,Winter,Reading,195,28,,,
6398510,Fall,Reading,170,2,0,,
3925418,Fall,Reading,124,4,0,,
3925418,Fall,Mathematics,120,2,0,,
3881412,Fall,Mathematics,206,57,0,,
6148594,Spring,Reading,191,28,,0,0
6148594,Winter,Reading,204,74,,,
6148594,Fall,Reading,188,45,1,,
6148594,Spring,Mathematics,204,53,,1,0
6148594,Winter,Mathematics,200,55,,,
6398510,Spring,Mathematics,198,15,,1,1
6398510,Winter,Mathematics,190,8,,,
6398510,Fall,Mathematics,176,2,0,,
6148594,Fall,Mathematics,197,65,1,,
3248447,Spring,Mathematics,201,44,,0,1
3248447,Fall,Mathematics,186,31,0,,
3248447,Spring,Reading,181,10,,0,1
3248447,Fall,Reading,148,1,0,,
3807419,Spring,Reading,180,58,,1,0
3807419,Winter,Reading,171,51,,,
3807419,Fall,Reading,168,73,0,,
3807419,Spring,Mathematics,171,26,,0,0
3807419,Winter,Mathematics,177,64,,,
3807419,Fall,Mathematics,170,70,0,,
3389751,Spring,Reading,207,88,,0,0
3389751,Winter,Reading,207,94,,,
3389751,Fall,Reading,197,91,0,,
3389413,Spring,Reading,158,2,,0,0
3389413,Winter,Reading,154,2,,,
3389413,Fall,Reading,148,4,0,,
3389413,Spring,Mathematics,161,1,,0,1
3389413,Winter,Mathematics,161,2,,,
3389413,Fall,Mathematics,144,1,0,,
7750333,Spring,Reading,192,3,,0,0
7591328,Spring,Reading,195,11,,0,0
7591328,Winter,Reading,202,29,,,
7591328,Fall,Reading,199,28,1,,
3389751,Spring,Mathematics,214,96,,1,1
3389751,Winter,Mathematics,205,94,,,
3389751,Fall,Mathematics,198,94,1,,
7750333,Spring,Mathematics,213,16,,0,0
6129559,Fall,Reading,221,,0,,
6129559,Spring,Mathematics,226,,,0,0
6129559,Winter,Mathematics,237,,,,
6129559,Fall,Mathematics,230,,0,,
7591328,Spring,Mathematics,224,58,,0,1
7591328,Winter,Mathematics,218,51,,,
7591328,Fall,Mathematics,211,45,0,,
3262783,Spring,Reading,178,7,,0,0
3262783,Winter,Reading,187,30,,,
3262783,Fall,Reading,176,18,0,,
3262783,Winter,Mathematics,188,20,,,
3262783,Fall,Mathematics,181,19,0,,
6797776,Spring,Mathematics,209,21,,1,1
6797776,Winter,Mathematics,211,32,,,
3089757,Spring,Reading,190,51,,1,0
3089757,Winter,Reading,209,96,,,
3089757,Fall,Reading,177,53,1,,
3089757,Spring,Mathematics,186,34,,1,1
3089757,Winter,Mathematics,179,30,,,
3089757,Fall,Mathematics,171,29,1,,
6729796,Spring,Reading,206,33,,0,1
6729796,Winter,Reading,211,53,,,
6729796,Fall,Reading,199,28,0,,
6797776,Fall,Mathematics,198,15,1,,
3580749,Spring,Reading,224,79,,1,1
3580749,Winter,Reading,214,62,,,
3580749,Fall,Reading,204,41,1,,
3580749,Spring,Mathematics,233,79,,1,1
3580749,Winter,Mathematics,223,64,,,
3580749,Fall,Mathematics,217,61,0,,
6729796,Spring,Mathematics,222,53,,0,1
6729796,Winter,Mathematics,207,23,,,
6729796,Fall,Mathematics,211,45,1,,
3838411,Spring,Reading,170,85,,0,1
3838411,Fall,Reading,135,24,0,,
3838411,Spring,Mathematics,172,84,,0,1
3838411,Fall,Mathematics,139,34,0,,
3057755,Spring,Reading,183,33,,0,0
3057755,Winter,Reading,170,18,,,
3057755,Fall,Reading,172,40,1,,
3057755,Spring,Mathematics,186,34,,0,0
3502780,Spring,Reading,214,55,,0,0
3502780,Winter,Reading,210,51,,,
3502780,Fall,Reading,213,66,1,,
3502780,Spring,Mathematics,218,42,,0,0
3502780,Winter,Mathematics,210,29,,,
3502780,Fall,Mathematics,217,61,1,,
3625449,Fall,Reading,190,2,0,,
3625449,Fall,Mathematics,192,1,0,,
3057755,Winter,Mathematics,178,27,,,
3057755,Fall,Mathematics,177,46,1,,
3437733,Spring,Reading,166,23,,0,0
3437733,Winter,Reading,164,31,,,
3437733,Fall,Reading,152,26,0,,
3437733,Spring,Mathematics,176,41,,0,1
3437733,Winter,Mathematics,160,17,,,
3437733,Fall,Mathematics,153,24,0,,
6362758,Spring,Reading,203,18,,0,0
6362758,Fall,Reading,203,26,0,,
3581757,Spring,Reading,191,54,,1,0
3581757,Fall,Reading,185,72,1,,
3581757,Spring,Mathematics,193,55,,0,1
3581757,Fall,Mathematics,180,56,0,,
3452416,Spring,Reading,166,76,,0,0
3452416,Winter,Reading,161,82,,,
6177535,Spring,Reading,207,71,,1,0
6177535,Winter,Reading,194,48,,,
6177535,Fall,Reading,211,92,1,,
6177535,Spring,Mathematics,208,65,,1,1
6177535,Winter,Mathematics,191,28,,,
6177535,Fall,Mathematics,194,56,0,,
3344447,Spring,Reading,144,12,,0,1
3344447,Fall,Reading,127,7,0,,
3344447,Spring,Mathematics,133,2,,0,0
3344447,Fall,Mathematics,128,9,0,,
3548758,Spring,Reading,160,2,,0,0
3548758,Winter,Reading,156,3,,,
3548758,Fall,Reading,151,5,0,,
3452416,Spring,Mathematics,170,79,,0,0
3452416,Winter,Mathematics,150,48,,,
6491407,Spring,Reading,170,9,,0,0
6491407,Fall,Reading,176,50,0,,
6491407,Spring,Mathematics,187,37,,0,0
6491407,Fall,Mathematics,181,59,0,,
3933447,Fall,Reading,212,38,0,,
3933447,Fall,Mathematics,218,33,0,,
3548758,Spring,Mathematics,169,4,,0,1
3548758,Winter,Mathematics,162,3,,,
3548758,Fall,Mathematics,152,2,0,,
3651737,Spring,Reading,185,38,,1,0
3651737,Fall,Reading,183,68,1,,
3651737,Spring,Mathematics,200,76,,0,0
3651737,Fall,Mathematics,201,96,1,,
3156745,Spring,Reading,212,65,,1,1
3156745,Winter,Reading,210,69,,,
3156745,Fall,Reading,197,42,0,,
3156745,Winter,Mathematics,205,39,,,
3156745,Fall,Mathematics,200,39,0,,
3144745,Spring,Reading,201,55,,1,1
3144745,Winter,Reading,192,43,,,
3144745,Fall,Reading,186,40,0,,
6362758,Spring,Mathematics,216,27,,1,1
6362758,Fall,Mathematics,206,19,0,,
3156745,Spring,Mathematics,223,77,,1,1
3582788,Spring,Reading,215,96,,1,1
3582788,Winter,Reading,209,96,,,
3582788,Fall,Reading,201,95,0,,
3144745,Winter,Mathematics,194,36,,,
3144745,Fall,Mathematics,185,29,0,,
3144745,Spring,Mathematics,203,50,,1,1
6421484,Spring,Reading,178,2,,0,0
6421484,Winter,Reading,186,11,,,
6421484,Fall,Reading,184,13,0,,
3337782,Spring,Reading,199,49,,1,1
3337782,Winter,Reading,195,51,,,
3337782,Fall,Reading,190,50,1,,
3337782,Spring,Mathematics,207,62,,0,1
3337782,Winter,Mathematics,201,58,,,
3337782,Fall,Mathematics,187,34,0,,
3582788,Spring,Mathematics,225,99,,1,1
3582788,Winter,Mathematics,210,98,,,
3582788,Fall,Mathematics,207,99,1,,
3003751,Spring,Reading,176,18,,1,0
3003751,Fall,Reading,162,18,0,,
3003751,Fall,Mathematics,172,32,1,,
3624449,Fall,Reading,202,16,0,,
3624449,Fall,Mathematics,199,6,0,,
3945442,Spring,Reading,183,13,,0,1
3945442,Winter,Reading,178,13,,,
3945442,Fall,Reading,162,3,0,,
3945442,Spring,Mathematics,204,53,,0,1
3945442,Winter,Mathematics,191,28,,,
3945442,Fall,Mathematics,175,9,0,,
6421484,Spring,Mathematics,197,14,,1,1
6421484,Winter,Mathematics,193,12,,,
6421484,Fall,Mathematics,184,7,0,,
6208778,Spring,Reading,200,52,,0,1
6208778,Winter,Reading,195,51,,,
6208778,Fall,Reading,178,21,0,,
6208778,Winter,Mathematics,177,4,,,
6208778,Fall,Mathematics,183,23,1,,
6208778,Spring,Mathematics,184,7,,1,0
6813440,Fall,Reading,179,7,0,,
6813440,Fall,Mathematics,187,10,0,,
3904795,Spring,Reading,179,56,,1,1
3904795,Winter,Reading,172,54,,,
3904795,Fall,Reading,136,3,0,,
3904795,Spring,Mathematics,182,59,,1,1
3904795,Winter,Mathematics,179,70,,,
3904795,Fall,Mathematics,167,62,0,,
3180748,Spring,Mathematics,200,95,,1,1
3180748,Winter,Mathematics,180,72,,,
3180748,Fall,Mathematics,173,77,1,,
3180748,Spring,Reading,188,78,,1,1
3180748,Winter,Reading,171,51,,,
3180748,Fall,Reading,166,67,1,,
6316700,Spring,Reading,221,73,,1,1
6316700,Winter,Reading,207,42,,,
6316700,Fall,Reading,212,63,0,,
6316700,Spring,Mathematics,228,68,,0,0
6316700,Winter,Mathematics,231,82,,,
6316700,Fall,Mathematics,223,76,1,,
6577594,Spring,Reading,176,18,,0,1
6577594,Winter,Reading,167,13,,,
6577594,Fall,Reading,144,2,0,,
6577594,Spring,Mathematics,199,73,,0,1
3304795,Spring,Reading,210,99,,1,1
3304795,Fall,Reading,182,96,0,,
3304795,Spring,Mathematics,219,99,,1,1
3304795,Fall,Mathematics,181,91,0,,
3919753,Spring,Mathematics,192,52,,0,0
3919753,Winter,Mathematics,197,82,,,
3919753,Fall,Mathematics,183,64,0,,
3919753,Spring,Reading,197,69,,1,1
3919753,Winter,Reading,179,38,,,
3919753,Fall,Reading,177,53,0,,
6318781,Spring,Mathematics,240,90,,1,0
7465924,Fall,Reading,216,36,1,,
6577594,Winter,Mathematics,190,64,,,
6577594,Fall,Mathematics,170,26,0,,
3271447,Spring,Reading,188,46,,0,1
3271447,Winter,Reading,178,35,,,
3271447,Fall,Reading,167,28,0,,
3271447,Spring,Mathematics,186,34,,0,1
3271447,Winter,Mathematics,181,36,,,
3271447,Fall,Mathematics,172,32,0,,
6499487,Spring,Reading,223,95,,1,1
6499487,Winter,Reading,220,96,,,
6499487,Fall,Reading,206,86,1,,
7465924,Fall,Mathematics,217,17,1,,
6499487,Winter,Mathematics,221,96,,,
6499487,Fall,Mathematics,224,99,1,,
6499487,Spring,Mathematics,240,99,,1,1
3259412,Spring,Reading,150,3,,0,0
3259412,Winter,Reading,154,11,,,
3259412,Fall,Reading,138,4,0,,
3259412,Spring,Mathematics,150,1,,0,0
3259412,Winter,Mathematics,155,9,,,
3259412,Fall,Mathematics,136,2,0,,
3289746,Spring,Reading,160,12,,1,0
3289746,Winter,Reading,147,4,,,
3289746,Fall,Reading,148,17,1,,
3289746,Spring,Mathematics,178,47,,0,1
3289746,Winter,Mathematics,157,12,,,
3289746,Fall,Mathematics,141,5,1,,
3582442,Spring,Reading,146,16,,0,1
3582442,Fall,Reading,124,4,0,,
3582442,Spring,Mathematics,145,14,,0,0
3582442,Fall,Mathematics,129,10,0,,
3649413,Spring,Reading,143,11,,0,0
3649413,Spring,Mathematics,133,2,,0,0
6598776,Spring,Reading,233,97,,1,1
6598776,Winter,Reading,231,98,,,
6598776,Fall,Reading,225,96,1,,
6598776,Spring,Mathematics,243,98,,0,0
6598776,Winter,Mathematics,237,98,,,
6598776,Fall,Mathematics,238,99,1,,
6908776,Spring,Reading,218,66,,0,1
6908776,Winter,Reading,217,70,,,
6908776,Fall,Reading,213,66,0,,
3449796,Spring,Reading,192,85,,1,1
3449796,Fall,Reading,174,86,1,,
3449796,Spring,Mathematics,201,96,,1,1
3449796,Fall,Mathematics,179,88,1,,
3658447,Spring,Reading,157,48,,0,0
3658447,Fall,Reading,147,66,0,,
3658447,Spring,Mathematics,152,30,,0,1
3658447,Fall,Mathematics,135,23,0,,
3168417,Spring,Reading,182,64,,1,1
3168417,Winter,Reading,164,31,,,
3168417,Fall,Reading,163,58,1,,
3168417,Spring,Mathematics,196,91,,1,1
3168417,Winter,Mathematics,176,61,,,
3168417,Fall,Mathematics,170,70,1,,
3522790,Spring,Reading,209,99,,0,0
3522790,Fall,Reading,202,99,0,,
3522790,Spring,Mathematics,209,99,,0,1
3522790,Fall,Mathematics,187,96,0,,
3574416,Spring,Reading,164,70,,0,1
3574416,Fall,Reading,147,66,0,,
3695757,Spring,Reading,183,33,,0,1
3695757,Winter,Reading,176,30,,,
3695757,Fall,Reading,165,24,0,,
3574416,Spring,Mathematics,162,59,,0,0
3574416,Fall,Mathematics,150,70,0,,
7687261,Fall,Mathematics,217,,0,,
6908776,Spring,Mathematics,229,71,,0,0
6908776,Winter,Mathematics,227,74,,,
6908776,Fall,Mathematics,225,80,0,,
3695757,Spring,Mathematics,188,40,,1,1
3695757,Winter,Mathematics,173,16,,,
3695757,Fall,Mathematics,167,19,1,,
3440786,Spring,Reading,209,75,,1,0
3440786,Winter,Reading,204,74,,,
3440786,Fall,Reading,204,83,1,,
3317449,Spring,Reading,178,53,,0,1
3317449,Winter,Reading,155,12,,,
3317449,Fall,Reading,132,1,0,,
3317449,Spring,Mathematics,206,98,,0,1
3317449,Winter,Mathematics,199,98,,,
3317449,Fall,Mathematics,141,5,0,,
3623718,Spring,Reading,195,39,,1,1
3623718,Winter,Reading,189,35,,,
3623718,Fall,Reading,179,23,0,,
3623718,Winter,Mathematics,189,23,,,
3623718,Fall,Mathematics,182,21,0,,
3440786,Spring,Mathematics,204,53,,0,0
3440786,Winter,Mathematics,201,58,,,
3440786,Fall,Mathematics,195,59,1,,
3623718,Spring,Mathematics,197,32,,0,1
6185517,Spring,Reading,198,27,,0,1
6185517,Winter,Reading,194,26,,,
6185517,Fall,Reading,191,27,0,,
6185517,Spring,Mathematics,201,21,,0,1
6185517,Winter,Mathematics,199,24,,,
6185517,Fall,Mathematics,189,13,0,,
3344442,Fall,Reading,191,4,0,,
3344442,Fall,Mathematics,204,10,0,,
6079486,Fall,Reading,203,59,0,,
6079486,Fall,Mathematics,208,63,1,,
3483442,Spring,Reading,147,18,,0,1
3483442,Fall,Reading,131,14,0,,
3483442,Spring,Mathematics,150,25,,0,1
3483442,Fall,Mathematics,119,1,0,,