"Country or Area","Commodity - Transaction","Year","Unit","Quantity","Quantity Footnotes"
"Albania","Electricity - net installed capacity of electric power plants public solar","2013","Kilowatts,  thousand","14.1",""
"Albania","Electricity - net installed capacity of electric power plants public solar","2012","Kilowatts,  thousand","14.8",""
"Albania","Electricity - net installed capacity of electric power plants public solar","2011","Kilowatts,  thousand","14.4",""
"Albania","Electricity - net installed capacity of electric power plants public solar","2010","Kilowatts,  thousand","13.9",""
"Albania","Electricity - net installed capacity of electric power plants public solar","2009","Kilowatts,  thousand","13.5",""
"Albania","Electricity - net installed capacity of electric power plants public solar","2008","Kilowatts,  thousand","12.3",""
"American Samoa","Electricity - net installed capacity of electric power plants public solar","2013","Kilowatts,  thousand","1","1"
"American Samoa","Electricity - net installed capacity of electric power plants public solar","2012","Kilowatts,  thousand","1",""
"American Samoa","Electricity - net installed capacity of electric power plants public solar","2011","Kilowatts,  thousand","0",""
"American Samoa","Electricity - net installed capacity of electric power plants public solar","2010","Kilowatts,  thousand","0",""
"Argentina","Electricity - net installed capacity of electric power plants public solar","2013","Kilowatts,  thousand","8",""
"Argentina","Electricity - net installed capacity of electric power plants public solar","2012","Kilowatts,  thousand","11.2",""
"Argentina","Electricity - net installed capacity of electric power plants public solar","2011","Kilowatts,  thousand","5","1"
"Argentina","Electricity - net installed capacity of electric power plants public solar","2010","Kilowatts,  thousand","0.026",""
"Argentina","Electricity - net installed capacity of electric power plants public solar","2009","Kilowatts,  thousand","0.026",""
"Australia","Electricity - net installed capacity of electric power plants public solar","2013","Kilowatts,  thousand","3",""
"Australia","Electricity - net installed capacity of electric power plants public solar","2012","Kilowatts,  thousand","3",""
"Australia","Electricity - net installed capacity of electric power plants public solar","2011","Kilowatts,  thousand","3",""
"Australia","Electricity - net installed capacity of electric power plants public solar","2010","Kilowatts,  thousand","3",""
"Australia","Electricity - net installed capacity of electric power plants public solar","2009","Kilowatts,  thousand","3",""
"Australia","Electricity - net installed capacity of electric power plants public solar","2008","Kilowatts,  thousand","3",""
"Australia","Electricity - net installed capacity of electric power plants public solar","2007","Kilowatts,  thousand","3",""
"Australia","Electricity - net installed capacity of electric power plants public solar","2006","Kilowatts,  thousand","0",""
"Australia","Electricity - net installed capacity of electric power plants public solar","2005","Kilowatts,  thousand","0",""
"Australia","Electricity - net installed capacity of electric power plants public solar","2004","Kilowatts,  thousand","0",""
"Austria","Electricity - net installed capacity of electric power plants public solar","2013","Kilowatts,  thousand","626",""
"Austria","Electricity - net installed capacity of electric power plants public solar","2012","Kilowatts,  thousand","363",""
"Austria","Electricity - net installed capacity of electric power plants public solar","2011","Kilowatts,  thousand","317",""
"Austria","Electricity - net installed capacity of electric power plants public solar","2010","Kilowatts,  thousand","154",""
"Austria","Electricity - net installed capacity of electric power plants public solar","2009","Kilowatts,  thousand","71",""
"Austria","Electricity - net installed capacity of electric power plants public solar","2008","Kilowatts,  thousand","49",""
"Austria","Electricity - net installed capacity of electric power plants public solar","2007","Kilowatts,  thousand","40",""
"Austria","Electricity - net installed capacity of electric power plants public solar","2006","Kilowatts,  thousand","36",""
"Austria","Electricity - net installed capacity of electric power plants public solar","2005","Kilowatts,  thousand","30",""
"Austria","Electricity - net installed capacity of electric power plants public solar","2004","Kilowatts,  thousand","27",""
"Austria","Electricity - net installed capacity of electric power plants public solar","2003","Kilowatts,  thousand","23",""
"Austria","Electricity - net installed capacity of electric power plants public solar","2002","Kilowatts,  thousand","9",""
"Austria","Electricity - net installed capacity of electric power plants public solar","2001","Kilowatts,  thousand","7",""
"Austria","Electricity - net installed capacity of electric power plants public solar","2000","Kilowatts,  thousand","5",""
"Austria","Electricity - net installed capacity of electric power plants public solar","1999","Kilowatts,  thousand","4",""
"Austria","Electricity - net installed capacity of electric power plants public solar","1998","Kilowatts,  thousand","3",""
"Austria","Electricity - net installed capacity of electric power plants public solar","1997","Kilowatts,  thousand","2",""
"Austria","Electricity - net installed capacity of electric power plants public solar","1996","Kilowatts,  thousand","2",""
"Austria","Electricity - net installed capacity of electric power plants public solar","1995","Kilowatts,  thousand","1",""
"Austria","Electricity - net installed capacity of electric power plants public solar","1994","Kilowatts,  thousand","1",""
"Austria","Electricity - net installed capacity of electric power plants public solar","1993","Kilowatts,  thousand","1",""
"Austria","Electricity - net installed capacity of electric power plants public solar","1992","Kilowatts,  thousand","1",""
"Azerbaijan","Electricity - net installed capacity of electric power plants public solar","2013","Kilowatts,  thousand","2",""
"Azerbaijan","Electricity - net installed capacity of electric power plants public solar","2011","Kilowatts,  thousand","0",""
"Azerbaijan","Electricity - net installed capacity of electric power plants public solar","2010","Kilowatts,  thousand","0",""
"Belgium","Electricity - net installed capacity of electric power plants public solar","2013","Kilowatts,  thousand","11",""
"Belgium","Electricity - net installed capacity of electric power plants public solar","2012","Kilowatts,  thousand","11",""
"Belgium","Electricity - net installed capacity of electric power plants public solar","2011","Kilowatts,  thousand","11",""
"Belgium","Electricity - net installed capacity of electric power plants public solar","2010","Kilowatts,  thousand","11",""
"Belgium","Electricity - net installed capacity of electric power plants public solar","2009","Kilowatts,  thousand","11",""
"Belgium","Electricity - net installed capacity of electric power plants public solar","2008","Kilowatts,  thousand","10",""
"Belgium","Electricity - net installed capacity of electric power plants public solar","2007","Kilowatts,  thousand","0",""
"Belgium","Electricity - net installed capacity of electric power plants public solar","2006","Kilowatts,  thousand","0",""
"Belgium","Electricity - net installed capacity of electric power plants public solar","2005","Kilowatts,  thousand","0",""
"Belgium","Electricity - net installed capacity of electric power plants public solar","2004","Kilowatts,  thousand","1",""
"Belgium","Electricity - net installed capacity of electric power plants public solar","2003","Kilowatts,  thousand","1",""
"Belgium","Electricity - net installed capacity of electric power plants public solar","2002","Kilowatts,  thousand","1",""
"Bhutan","Electricity - net installed capacity of electric power plants public solar","2013","Kilowatts,  thousand","0.11905",""
"Bhutan","Electricity - net installed capacity of electric power plants public solar","2012","Kilowatts,  thousand","0.089",""
"Bhutan","Electricity - net installed capacity of electric power plants public solar","2011","Kilowatts,  thousand","0.075",""
"Bhutan","Electricity - net installed capacity of electric power plants public solar","2010","Kilowatts,  thousand","0.05",""
"Bhutan","Electricity - net installed capacity of electric power plants public solar","2009","Kilowatts,  thousand","0.03",""
"Bhutan","Electricity - net installed capacity of electric power plants public solar","2008","Kilowatts,  thousand","0.03",""
"Bhutan","Electricity - net installed capacity of electric power plants public solar","2007","Kilowatts,  thousand","0.05",""
"Bhutan","Electricity - net installed capacity of electric power plants public solar","2006","Kilowatts,  thousand","0.25",""
"Bhutan","Electricity - net installed capacity of electric power plants public solar","2005","Kilowatts,  thousand","0.25",""
"Bhutan","Electricity - net installed capacity of electric power plants public solar","2004","Kilowatts,  thousand","0.24",""
"Bhutan","Electricity - net installed capacity of electric power plants public solar","2003","Kilowatts,  thousand","0.24",""
"Botswana","Electricity - net installed capacity of electric power plants public solar","2013","Kilowatts,  thousand","1.3",""
"Botswana","Electricity - net installed capacity of electric power plants public solar","2012","Kilowatts,  thousand","1.3",""
"Botswana","Electricity - net installed capacity of electric power plants public solar","2010","Kilowatts,  thousand","0",""
"Brazil","Electricity - net installed capacity of electric power plants public solar","2013","Kilowatts,  thousand","2",""
"British Virgin Islands","Electricity - net installed capacity of electric power plants public solar","2013","Kilowatts,  thousand","0.02",""
"British Virgin Islands","Electricity - net installed capacity of electric power plants public solar","2012","Kilowatts,  thousand","0.02",""
"British Virgin Islands","Electricity - net installed capacity of electric power plants public solar","2011","Kilowatts,  thousand","0.02",""
"British Virgin Islands","Electricity - net installed capacity of electric power plants public solar","2010","Kilowatts,  thousand","0",""
"Brunei Darussalam","Electricity - net installed capacity of electric power plants public solar","2013","Kilowatts,  thousand","1","1"
"Brunei Darussalam","Electricity - net installed capacity of electric power plants public solar","2012","Kilowatts,  thousand","1","1"
"Brunei Darussalam","Electricity - net installed capacity of electric power plants public solar","2011","Kilowatts,  thousand","1","1"
"Bulgaria","Electricity - net installed capacity of electric power plants public solar","2013","Kilowatts,  thousand","1036",""
"Bulgaria","Electricity - net installed capacity of electric power plants public solar","2012","Kilowatts,  thousand","1013",""
"Bulgaria","Electricity - net installed capacity of electric power plants public solar","2011","Kilowatts,  thousand","154",""
"Bulgaria","Electricity - net installed capacity of electric power plants public solar","2010","Kilowatts,  thousand","25",""
"Bulgaria","Electricity - net installed capacity of electric power plants public solar","2009","Kilowatts,  thousand","2",""
"Cabo Verde","Electricity - net installed capacity of electric power plants public solar","2013","Kilowatts,  thousand","6.42",""
"Cabo Verde","Electricity - net installed capacity of electric power plants public solar","2012","Kilowatts,  thousand","6.42",""
"Cabo Verde","Electricity - net installed capacity of electric power plants public solar","2011","Kilowatts,  thousand","6.42",""
"Cabo Verde","Electricity - net installed capacity of electric power plants public solar","2010","Kilowatts,  thousand","6.42",""
"Cambodia","Electricity - net installed capacity of electric power plants public solar","2013","Kilowatts,  thousand","2","1"
"Cambodia","Electricity - net installed capacity of electric power plants public solar","2012","Kilowatts,  thousand","2","1"
"Cambodia","Electricity - net installed capacity of electric power plants public solar","2011","Kilowatts,  thousand","2",""
"Cambodia","Electricity - net installed capacity of electric power plants public solar","2010","Kilowatts,  thousand","2","1"
"Cambodia","Electricity - net installed capacity of electric power plants public solar","2009","Kilowatts,  thousand","1","1"
"Cambodia","Electricity - net installed capacity of electric power plants public solar","2008","Kilowatts,  thousand","1",""
"Cambodia","Electricity - net installed capacity of electric power plants public solar","2007","Kilowatts,  thousand","1","1"
"Cambodia","Electricity - net installed capacity of electric power plants public solar","2006","Kilowatts,  thousand","1","1"
"Cambodia","Electricity - net installed capacity of electric power plants public solar","2005","Kilowatts,  thousand","0",""
"Cambodia","Electricity - net installed capacity of electric power plants public solar","2004","Kilowatts,  thousand","0",""
"Cambodia","Electricity - net installed capacity of electric power plants public solar","2003","Kilowatts,  thousand","0",""
"Canada","Electricity - net installed capacity of electric power plants public solar","2013","Kilowatts,  thousand","1210",""
"Canada","Electricity - net installed capacity of electric power plants public solar","2012","Kilowatts,  thousand","1210",""
"Canada","Electricity - net installed capacity of electric power plants public solar","2011","Kilowatts,  thousand","497",""
"Canada","Electricity - net installed capacity of electric power plants public solar","2010","Kilowatts,  thousand","221",""
"Canada","Electricity - net installed capacity of electric power plants public solar","2009","Kilowatts,  thousand","95",""
"Canada","Electricity - net installed capacity of electric power plants public solar","2008","Kilowatts,  thousand","33",""
"Canada","Electricity - net installed capacity of electric power plants public solar","2007","Kilowatts,  thousand","26",""
"Canada","Electricity - net installed capacity of electric power plants public solar","2006","Kilowatts,  thousand","21",""
"Canada","Electricity - net installed capacity of electric power plants public solar","2005","Kilowatts,  thousand","17",""
"Canada","Electricity - net installed capacity of electric power plants public solar","2004","Kilowatts,  thousand","14",""
"Canada","Electricity - net installed capacity of electric power plants public solar","2003","Kilowatts,  thousand","12",""
"Canada","Electricity - net installed capacity of electric power plants public solar","2002","Kilowatts,  thousand","10",""
"Canada","Electricity - net installed capacity of electric power plants public solar","2001","Kilowatts,  thousand","9",""
"Canada","Electricity - net installed capacity of electric power plants public solar","2000","Kilowatts,  thousand","7",""
"Canada","Electricity - net installed capacity of electric power plants public solar","1999","Kilowatts,  thousand","6",""
"Canada","Electricity - net installed capacity of electric power plants public solar","1998","Kilowatts,  thousand","5",""
"Canada","Electricity - net installed capacity of electric power plants public solar","1997","Kilowatts,  thousand","4",""
"Canada","Electricity - net installed capacity of electric power plants public solar","1996","Kilowatts,  thousand","3",""
"Canada","Electricity - net installed capacity of electric power plants public solar","1995","Kilowatts,  thousand","2",""
"Canada","Electricity - net installed capacity of electric power plants public solar","1994","Kilowatts,  thousand","2",""
"Canada","Electricity - net installed capacity of electric power plants public solar","1993","Kilowatts,  thousand","1",""
"Canada","Electricity - net installed capacity of electric power plants public solar","1992","Kilowatts,  thousand","1",""
"China","Electricity - net installed capacity of electric power plants public solar","2013","Kilowatts,  thousand","15890",""
"China","Electricity - net installed capacity of electric power plants public solar","2012","Kilowatts,  thousand","3410",""
"China","Electricity - net installed capacity of electric power plants public solar","2011","Kilowatts,  thousand","2220",""
"China","Electricity - net installed capacity of electric power plants public solar","2010","Kilowatts,  thousand","260",""
"China","Electricity - net installed capacity of electric power plants public solar","2009","Kilowatts,  thousand","25",""
"Costa Rica","Electricity - net installed capacity of electric power plants public solar","2013","Kilowatts,  thousand","1",""
"Costa Rica","Electricity - net installed capacity of electric power plants public solar","2012","Kilowatts,  thousand","1","1"
"Costa Rica","Electricity - net installed capacity of electric power plants public solar","2011","Kilowatts,  thousand","1","1"
"Costa Rica","Electricity - net installed capacity of electric power plants public solar","2010","Kilowatts,  thousand","1","1"
"Costa Rica","Electricity - net installed capacity of electric power plants public solar","2009","Kilowatts,  thousand","1","1"
"Costa Rica","Electricity - net installed capacity of electric power plants public solar","2008","Kilowatts,  thousand","12","1"
"Costa Rica","Electricity - net installed capacity of electric power plants public solar","2007","Kilowatts,  thousand","12","1"
"Costa Rica","Electricity - net installed capacity of electric power plants public solar","2006","Kilowatts,  thousand","12","1"
"Costa Rica","Electricity - net installed capacity of electric power plants public solar","2005","Kilowatts,  thousand","12","1"
"Croatia","Electricity - net installed capacity of electric power plants public solar","2013","Kilowatts,  thousand","19",""
"Croatia","Electricity - net installed capacity of electric power plants public solar","2012","Kilowatts,  thousand","4",""
"Croatia","Electricity - net installed capacity of electric power plants public solar","2011","Kilowatts,  thousand","0",""
"Cyprus","Electricity - net installed capacity of electric power plants public solar","2013","Kilowatts,  thousand","35",""
"Cyprus","Electricity - net installed capacity of electric power plants public solar","2012","Kilowatts,  thousand","17",""
"Cyprus","Electricity - net installed capacity of electric power plants public solar","2011","Kilowatts,  thousand","10",""
"Cyprus","Electricity - net installed capacity of electric power plants public solar","2010","Kilowatts,  thousand","7",""
"Cyprus","Electricity - net installed capacity of electric power plants public solar","2009","Kilowatts,  thousand","4",""
"Cyprus","Electricity - net installed capacity of electric power plants public solar","2008","Kilowatts,  thousand","2",""
"Cyprus","Electricity - net installed capacity of electric power plants public solar","2007","Kilowatts,  thousand","1",""
"Cyprus","Electricity - net installed capacity of electric power plants public solar","2006","Kilowatts,  thousand","1",""
"Cyprus","Electricity - net installed capacity of electric power plants public solar","2005","Kilowatts,  thousand","1",""
"Cyprus","Electricity - net installed capacity of electric power plants public solar","2004","Kilowatts,  thousand","1","1"
"Cyprus","Electricity - net installed capacity of electric power plants public solar","2003","Kilowatts,  thousand","1","1"
"Cyprus","Electricity - net installed capacity of electric power plants public solar","2002","Kilowatts,  thousand","1","1"
"Czech Republic","Electricity - net installed capacity of electric power plants public solar","2013","Kilowatts,  thousand","2064",""
"Czech Republic","Electricity - net installed capacity of electric power plants public solar","2012","Kilowatts,  thousand","2022",""
"Czech Republic","Electricity - net installed capacity of electric power plants public solar","2011","Kilowatts,  thousand","1913",""
"Czech Republic","Electricity - net installed capacity of electric power plants public solar","2010","Kilowatts,  thousand","1727",""
"Czech Republic","Electricity - net installed capacity of electric power plants public solar","2009","Kilowatts,  thousand","465",""
"Czech Republic","Electricity - net installed capacity of electric power plants public solar","2008","Kilowatts,  thousand","40",""
"Czech Republic","Electricity - net installed capacity of electric power plants public solar","2007","Kilowatts,  thousand","4",""
"Czech Republic","Electricity - net installed capacity of electric power plants public solar","2006","Kilowatts,  thousand","1",""
"Czech Republic","Electricity - net installed capacity of electric power plants public solar","2005","Kilowatts,  thousand","1",""
"Ecuador","Electricity - net installed capacity of electric power plants public solar","2013","Kilowatts,  thousand","2","1"
"Ecuador","Electricity - net installed capacity of electric power plants public solar","2012","Kilowatts,  thousand","0",""
"Ecuador","Electricity - net installed capacity of electric power plants public solar","2011","Kilowatts,  thousand","0",""
"Ecuador","Electricity - net installed capacity of electric power plants public solar","2010","Kilowatts,  thousand","0",""
"Egypt","Electricity - net installed capacity of electric power plants public solar","2013","Kilowatts,  thousand","140",""
"Egypt","Electricity - net installed capacity of electric power plants public solar","2012","Kilowatts,  thousand","140",""
"Egypt","Electricity - net installed capacity of electric power plants public solar","2011","Kilowatts,  thousand","140",""
"Egypt","Electricity - net installed capacity of electric power plants public solar","2010","Kilowatts,  thousand","140",""
"Eritrea","Electricity - net installed capacity of electric power plants public solar","2013","Kilowatts,  thousand","1","1"
"Eritrea","Electricity - net installed capacity of electric power plants public solar","2012","Kilowatts,  thousand","1","1"
"Eritrea","Electricity - net installed capacity of electric power plants public solar","2011","Kilowatts,  thousand","1","1"
"Eritrea","Electricity - net installed capacity of electric power plants public solar","2010","Kilowatts,  thousand","1","1"
"Eritrea","Electricity - net installed capacity of electric power plants public solar","2009","Kilowatts,  thousand","1","1"
"Eritrea","Electricity - net installed capacity of electric power plants public solar","2008","Kilowatts,  thousand","1","1"
"Eritrea","Electricity - net installed capacity of electric power plants public solar","2007","Kilowatts,  thousand","1","1"
"Eritrea","Electricity - net installed capacity of electric power plants public solar","2006","Kilowatts,  thousand","1","1"
"Eritrea","Electricity - net installed capacity of electric power plants public solar","2005","Kilowatts,  thousand","1","1"
"Eritrea","Electricity - net installed capacity of electric power plants public solar","2004","Kilowatts,  thousand","1","1"
"Eritrea","Electricity - net installed capacity of electric power plants public solar","2003","Kilowatts,  thousand","1","1"
"Eritrea","Electricity - net installed capacity of electric power plants public solar","2002","Kilowatts,  thousand","1","1"
"Eritrea","Electricity - net installed capacity of electric power plants public solar","2001","Kilowatts,  thousand","1","1"
"Eritrea","Electricity - net installed capacity of electric power plants public solar","2000","Kilowatts,  thousand","1","1"
"Eritrea","Electricity - net installed capacity of electric power plants public solar","1999","Kilowatts,  thousand","1","1"
"Eritrea","Electricity - net installed capacity of electric power plants public solar","1998","Kilowatts,  thousand","1","1"
"Eritrea","Electricity - net installed capacity of electric power plants public solar","1997","Kilowatts,  thousand","1","1"
"Finland","Electricity - net installed capacity of electric power plants public solar","2013","Kilowatts,  thousand","10",""
"Finland","Electricity - net installed capacity of electric power plants public solar","2012","Kilowatts,  thousand","9",""
"Finland","Electricity - net installed capacity of electric power plants public solar","2011","Kilowatts,  thousand","8",""
"Finland","Electricity - net installed capacity of electric power plants public solar","2010","Kilowatts,  thousand","8",""
"Finland","Electricity - net installed capacity of electric power plants public solar","2009","Kilowatts,  thousand","7",""
"Finland","Electricity - net installed capacity of electric power plants public solar","2008","Kilowatts,  thousand","6",""
"Finland","Electricity - net installed capacity of electric power plants public solar","2007","Kilowatts,  thousand","5",""
"Finland","Electricity - net installed capacity of electric power plants public solar","2006","Kilowatts,  thousand","5",""
"Finland","Electricity - net installed capacity of electric power plants public solar","2005","Kilowatts,  thousand","4",""
"Finland","Electricity - net installed capacity of electric power plants public solar","2004","Kilowatts,  thousand","4",""
"Finland","Electricity - net installed capacity of electric power plants public solar","2003","Kilowatts,  thousand","3",""
"Finland","Electricity - net installed capacity of electric power plants public solar","2002","Kilowatts,  thousand","3",""
"Finland","Electricity - net installed capacity of electric power plants public solar","2001","Kilowatts,  thousand","3",""
"Finland","Electricity - net installed capacity of electric power plants public solar","2000","Kilowatts,  thousand","3",""
"Finland","Electricity - net installed capacity of electric power plants public solar","1999","Kilowatts,  thousand","2",""
"Finland","Electricity - net installed capacity of electric power plants public solar","1998","Kilowatts,  thousand","2",""
"Finland","Electricity - net installed capacity of electric power plants public solar","1997","Kilowatts,  thousand","2",""
"Finland","Electricity - net installed capacity of electric power plants public solar","1996","Kilowatts,  thousand","2",""
"Finland","Electricity - net installed capacity of electric power plants public solar","1995","Kilowatts,  thousand","1",""
"Finland","Electricity - net installed capacity of electric power plants public solar","1994","Kilowatts,  thousand","1",""
"Finland","Electricity - net installed capacity of electric power plants public solar","1993","Kilowatts,  thousand","1",""
"Finland","Electricity - net installed capacity of electric power plants public solar","1992","Kilowatts,  thousand","1",""
"France","Electricity - net installed capacity of electric power plants public solar","2013","Kilowatts,  thousand","2000",""
"France","Electricity - net installed capacity of electric power plants public solar","2012","Kilowatts,  thousand","1464",""
"France","Electricity - net installed capacity of electric power plants public solar","2011","Kilowatts,  thousand","704",""
"France","Electricity - net installed capacity of electric power plants public solar","2010","Kilowatts,  thousand","173",""
"France","Electricity - net installed capacity of electric power plants public solar","2009","Kilowatts,  thousand","20",""
"France","Electricity - net installed capacity of electric power plants public solar","2008","Kilowatts,  thousand","15",""
"France","Electricity - net installed capacity of electric power plants public solar","2007","Kilowatts,  thousand","13",""
"France","Electricity - net installed capacity of electric power plants public solar","2006","Kilowatts,  thousand","5",""
"France","Electricity - net installed capacity of electric power plants public solar","2005","Kilowatts,  thousand","3",""
"France","Electricity - net installed capacity of electric power plants public solar","2004","Kilowatts,  thousand","2",""
"France","Electricity - net installed capacity of electric power plants public solar","2003","Kilowatts,  thousand","0",""
"France","Electricity - net installed capacity of electric power plants public solar","2002","Kilowatts,  thousand","0",""
"French Guiana","Electricity - net installed capacity of electric power plants public solar","2013","Kilowatts,  thousand","33",""
"French Guiana","Electricity - net installed capacity of electric power plants public solar","2012","Kilowatts,  thousand","34",""
"French Guiana","Electricity - net installed capacity of electric power plants public solar","2011","Kilowatts,  thousand","0",""
"French Guiana","Electricity - net installed capacity of electric power plants public solar","2010","Kilowatts,  thousand","0",""
"French Polynesia","Electricity - net installed capacity of electric power plants public solar","2013","Kilowatts,  thousand","2.7","1"
"French Polynesia","Electricity - net installed capacity of electric power plants public solar","2012","Kilowatts,  thousand","2.7","1"
"French Polynesia","Electricity - net installed capacity of electric power plants public solar","2011","Kilowatts,  thousand","2.7","1"
"French Polynesia","Electricity - net installed capacity of electric power plants public solar","2010","Kilowatts,  thousand","2.7","1"
"French Polynesia","Electricity - net installed capacity of electric power plants public solar","2009","Kilowatts,  thousand","2.7",""
"French Polynesia","Electricity - net installed capacity of electric power plants public solar","2008","Kilowatts,  thousand","2.5",""
"French Polynesia","Electricity - net installed capacity of electric power plants public solar","2007","Kilowatts,  thousand","2.118",""
"French Polynesia","Electricity - net installed capacity of electric power plants public solar","2006","Kilowatts,  thousand","1.848",""
"French Polynesia","Electricity - net installed capacity of electric power plants public solar","2005","Kilowatts,  thousand","1.531",""
"French Polynesia","Electricity - net installed capacity of electric power plants public solar","2004","Kilowatts,  thousand","1.249",""
"French Polynesia","Electricity - net installed capacity of electric power plants public solar","2003","Kilowatts,  thousand","1.022",""
"French Polynesia","Electricity - net installed capacity of electric power plants public solar","2002","Kilowatts,  thousand","0.828",""
"French Polynesia","Electricity - net installed capacity of electric power plants public solar","2001","Kilowatts,  thousand","0.698",""
"French Polynesia","Electricity - net installed capacity of electric power plants public solar","2000","Kilowatts,  thousand","0.548",""
"Germany","Electricity - net installed capacity of electric power plants public solar","2013","Kilowatts,  thousand","36337",""
"Germany","Electricity - net installed capacity of electric power plants public solar","2012","Kilowatts,  thousand","32643",""
"Germany","Electricity - net installed capacity of electric power plants public solar","2011","Kilowatts,  thousand","25039",""
"Germany","Electricity - net installed capacity of electric power plants public solar","2010","Kilowatts,  thousand","17551",""
"Germany","Electricity - net installed capacity of electric power plants public solar","2009","Kilowatts,  thousand","10564",""
"Germany","Electricity - net installed capacity of electric power plants public solar","2008","Kilowatts,  thousand","6118",""
"Germany","Electricity - net installed capacity of electric power plants public solar","2007","Kilowatts,  thousand","4168",""
"Germany","Electricity - net installed capacity of electric power plants public solar","2006","Kilowatts,  thousand","2898",""
"Germany","Electricity - net installed capacity of electric power plants public solar","2005","Kilowatts,  thousand","2056",""
"Germany","Electricity - net installed capacity of electric power plants public solar","2004","Kilowatts,  thousand","1105",""
"Germany","Electricity - net installed capacity of electric power plants public solar","2003","Kilowatts,  thousand","435",""
"Germany","Electricity - net installed capacity of electric power plants public solar","2002","Kilowatts,  thousand","260",""
"Germany","Electricity - net installed capacity of electric power plants public solar","2001","Kilowatts,  thousand","195",""
"Germany","Electricity - net installed capacity of electric power plants public solar","2000","Kilowatts,  thousand","114",""
"Germany","Electricity - net installed capacity of electric power plants public solar","1999","Kilowatts,  thousand","70",""
"Germany","Electricity - net installed capacity of electric power plants public solar","1998","Kilowatts,  thousand","54",""
"Germany","Electricity - net installed capacity of electric power plants public solar","1997","Kilowatts,  thousand","42",""
"Germany","Electricity - net installed capacity of electric power plants public solar","1996","Kilowatts,  thousand","28",""
"Germany","Electricity - net installed capacity of electric power plants public solar","1995","Kilowatts,  thousand","18",""
"Germany","Electricity - net installed capacity of electric power plants public solar","1994","Kilowatts,  thousand","12",""
"Germany","Electricity - net installed capacity of electric power plants public solar","1993","Kilowatts,  thousand","9",""
"Germany","Electricity - net installed capacity of electric power plants public solar","1992","Kilowatts,  thousand","6",""
"Germany","Electricity - net installed capacity of electric power plants public solar","1991","Kilowatts,  thousand","2",""
"Ghana","Electricity - net installed capacity of electric power plants public solar","2013","Kilowatts,  thousand","2.5",""
"Ghana","Electricity - net installed capacity of electric power plants public solar","2012","Kilowatts,  thousand","0",""
"Ghana","Electricity - net installed capacity of electric power plants public solar","2011","Kilowatts,  thousand","0",""
"Ghana","Electricity - net installed capacity of electric power plants public solar","2010","Kilowatts,  thousand","0",""
"Greece","Electricity - net installed capacity of electric power plants public solar","2013","Kilowatts,  thousand","2579",""
"Greece","Electricity - net installed capacity of electric power plants public solar","2012","Kilowatts,  thousand","1536",""
"Greece","Electricity - net installed capacity of electric power plants public solar","2011","Kilowatts,  thousand","612",""
"Greece","Electricity - net installed capacity of electric power plants public solar","2010","Kilowatts,  thousand","202",""
"Greece","Electricity - net installed capacity of electric power plants public solar","2009","Kilowatts,  thousand","46",""
"Greece","Electricity - net installed capacity of electric power plants public solar","2008","Kilowatts,  thousand","12",""
"Greece","Electricity - net installed capacity of electric power plants public solar","2007","Kilowatts,  thousand","9",""
"Greece","Electricity - net installed capacity of electric power plants public solar","2006","Kilowatts,  thousand","5",""
"Greece","Electricity - net installed capacity of electric power plants public solar","2005","Kilowatts,  thousand","1",""
"Greece","Electricity - net installed capacity of electric power plants public solar","2004","Kilowatts,  thousand","1",""
"Greece","Electricity - net installed capacity of electric power plants public solar","2003","Kilowatts,  thousand","1",""
"Greece","Electricity - net installed capacity of electric power plants public solar","2002","Kilowatts,  thousand","1",""
"Greece","Electricity - net installed capacity of electric power plants public solar","2001","Kilowatts,  thousand","1",""
"Guadeloupe","Electricity - net installed capacity of electric power plants public solar","2013","Kilowatts,  thousand","67",""
"Guadeloupe","Electricity - net installed capacity of electric power plants public solar","2012","Kilowatts,  thousand","64",""
"Guadeloupe","Electricity - net installed capacity of electric power plants public solar","2011","Kilowatts,  thousand","63","1"
"Guadeloupe","Electricity - net installed capacity of electric power plants public solar","2010","Kilowatts,  thousand","37","1"
"Guadeloupe","Electricity - net installed capacity of electric power plants public solar","2009","Kilowatts,  thousand","27","1"
"Guadeloupe","Electricity - net installed capacity of electric power plants public solar","2008","Kilowatts,  thousand","2","1"
"Guadeloupe","Electricity - net installed capacity of electric power plants public solar","2007","Kilowatts,  thousand","2","1"
"Guadeloupe","Electricity - net installed capacity of electric power plants public solar","2006","Kilowatts,  thousand","2","1"
"Guadeloupe","Electricity - net installed capacity of electric power plants public solar","2005","Kilowatts,  thousand","2","1"
"India","Electricity - net installed capacity of electric power plants public solar","2013","Kilowatts,  thousand","2206","1"
"India","Electricity - net installed capacity of electric power plants public solar","2012","Kilowatts,  thousand","0",""
"India","Electricity - net installed capacity of electric power plants public solar","2011","Kilowatts,  thousand","0",""
"India","Electricity - net installed capacity of electric power plants public solar","2010","Kilowatts,  thousand","0",""
"Indonesia","Electricity - net installed capacity of electric power plants public solar","2013","Kilowatts,  thousand","9",""
"Indonesia","Electricity - net installed capacity of electric power plants public solar","2012","Kilowatts,  thousand","4",""
"Indonesia","Electricity - net installed capacity of electric power plants public solar","2011","Kilowatts,  thousand","1",""
"Indonesia","Electricity - net installed capacity of electric power plants public solar","2010","Kilowatts,  thousand","1","1"
"Indonesia","Electricity - net installed capacity of electric power plants public solar","2009","Kilowatts,  thousand","0",""
"Indonesia","Electricity - net installed capacity of electric power plants public solar","2008","Kilowatts,  thousand","0",""
"Iran (Islamic Rep. of)","Electricity - net installed capacity of electric power plants public solar","2013","Kilowatts,  thousand","0.1",""
"Iran (Islamic Rep. of)","Electricity - net installed capacity of electric power plants public solar","2012","Kilowatts,  thousand","0.1",""
"Iran (Islamic Rep. of)","Electricity - net installed capacity of electric power plants public solar","2011","Kilowatts,  thousand","0.1",""
"Iran (Islamic Rep. of)","Electricity - net installed capacity of electric power plants public solar","2010","Kilowatts,  thousand","0.1",""
"Iran (Islamic Rep. of)","Electricity - net installed capacity of electric power plants public solar","2009","Kilowatts,  thousand","0.1",""
"Iran (Islamic Rep. of)","Electricity - net installed capacity of electric power plants public solar","2008","Kilowatts,  thousand","0.1",""
"Iran (Islamic Rep. of)","Electricity - net installed capacity of electric power plants public solar","2007","Kilowatts,  thousand","0.1",""
"Iran (Islamic Rep. of)","Electricity - net installed capacity of electric power plants public solar","2006","Kilowatts,  thousand","0.1",""
"Iran (Islamic Rep. of)","Electricity - net installed capacity of electric power plants public solar","2005","Kilowatts,  thousand","0.1",""
"Italy","Electricity - net installed capacity of electric power plants public solar","2013","Kilowatts,  thousand","18420",""
"Italy","Electricity - net installed capacity of electric power plants public solar","2012","Kilowatts,  thousand","16420",""
"Italy","Electricity - net installed capacity of electric power plants public solar","2011","Kilowatts,  thousand","12773",""
"Italy","Electricity - net installed capacity of electric power plants public solar","2010","Kilowatts,  thousand","3470",""
"Italy","Electricity - net installed capacity of electric power plants public solar","2009","Kilowatts,  thousand","1142",""
"Italy","Electricity - net installed capacity of electric power plants public solar","2008","Kilowatts,  thousand","430",""
"Italy","Electricity - net installed capacity of electric power plants public solar","2007","Kilowatts,  thousand","86",""
"Italy","Electricity - net installed capacity of electric power plants public solar","2006","Kilowatts,  thousand","45",""
"Italy","Electricity - net installed capacity of electric power plants public solar","2005","Kilowatts,  thousand","34",""
"Italy","Electricity - net installed capacity of electric power plants public solar","2004","Kilowatts,  thousand","31",""
"Italy","Electricity - net installed capacity of electric power plants public solar","2003","Kilowatts,  thousand","26",""
"Italy","Electricity - net installed capacity of electric power plants public solar","2002","Kilowatts,  thousand","22",""
"Italy","Electricity - net installed capacity of electric power plants public solar","2001","Kilowatts,  thousand","20",""
"Italy","Electricity - net installed capacity of electric power plants public solar","2000","Kilowatts,  thousand","19",""
"Italy","Electricity - net installed capacity of electric power plants public solar","1999","Kilowatts,  thousand","18",""
"Italy","Electricity - net installed capacity of electric power plants public solar","1998","Kilowatts,  thousand","18",""
"Italy","Electricity - net installed capacity of electric power plants public solar","1997","Kilowatts,  thousand","17",""
"Italy","Electricity - net installed capacity of electric power plants public solar","1996","Kilowatts,  thousand","16",""
"Italy","Electricity - net installed capacity of electric power plants public solar","1995","Kilowatts,  thousand","16",""
"Italy","Electricity - net installed capacity of electric power plants public solar","1994","Kilowatts,  thousand","14",""
"Italy","Electricity - net installed capacity of electric power plants public solar","1993","Kilowatts,  thousand","12",""
"Italy","Electricity - net installed capacity of electric power plants public solar","1992","Kilowatts,  thousand","8",""
"Italy","Electricity - net installed capacity of electric power plants public solar","1991","Kilowatts,  thousand","5",""
"Italy","Electricity - net installed capacity of electric power plants public solar","1990","Kilowatts,  thousand","4",""
"Japan","Electricity - net installed capacity of electric power plants public solar","2013","Kilowatts,  thousand","67",""
"Japan","Electricity - net installed capacity of electric power plants public solar","2012","Kilowatts,  thousand","65",""
"Japan","Electricity - net installed capacity of electric power plants public solar","2011","Kilowatts,  thousand","61",""
"Japan","Electricity - net installed capacity of electric power plants public solar","2010","Kilowatts,  thousand","13",""
"Japan","Electricity - net installed capacity of electric power plants public solar","2009","Kilowatts,  thousand","0",""
"Japan","Electricity - net installed capacity of electric power plants public solar","2008","Kilowatts,  thousand","0",""
"Japan","Electricity - net installed capacity of electric power plants public solar","2007","Kilowatts,  thousand","0",""
"Kiribati","Electricity - net installed capacity of electric power plants public solar","2013","Kilowatts,  thousand","0.571","1"
"Kiribati","Electricity - net installed capacity of electric power plants public solar","2012","Kilowatts,  thousand","0.571","1"
"Kiribati","Electricity - net installed capacity of electric power plants public solar","2011","Kilowatts,  thousand","0.571","1"
"Kiribati","Electricity - net installed capacity of electric power plants public solar","2010","Kilowatts,  thousand","0.571","1"
"Kiribati","Electricity - net installed capacity of electric power plants public solar","2009","Kilowatts,  thousand","0.571","1"
"Kiribati","Electricity - net installed capacity of electric power plants public solar","2008","Kilowatts,  thousand","0.571","1"
"Kiribati","Electricity - net installed capacity of electric power plants public solar","2007","Kilowatts,  thousand","0.571","1"
"Kiribati","Electricity - net installed capacity of electric power plants public solar","2006","Kilowatts,  thousand","0.571","1"
"Kiribati","Electricity - net installed capacity of electric power plants public solar","2005","Kilowatts,  thousand","0.571","1"
"Kiribati","Electricity - net installed capacity of electric power plants public solar","2004","Kilowatts,  thousand","0.571",""
"Korea, Republic of","Electricity - net installed capacity of electric power plants public solar","2013","Kilowatts,  thousand","900",""
"Korea, Republic of","Electricity - net installed capacity of electric power plants public solar","2012","Kilowatts,  thousand","686",""
"Korea, Republic of","Electricity - net installed capacity of electric power plants public solar","2011","Kilowatts,  thousand","555",""
"Korea, Republic of","Electricity - net installed capacity of electric power plants public solar","2010","Kilowatts,  thousand","533",""
"Korea, Republic of","Electricity - net installed capacity of electric power plants public solar","2009","Kilowatts,  thousand","417",""
"Korea, Republic of","Electricity - net installed capacity of electric power plants public solar","2008","Kilowatts,  thousand","299",""
"Korea, Republic of","Electricity - net installed capacity of electric power plants public solar","2007","Kilowatts,  thousand","21",""
"Korea, Republic of","Electricity - net installed capacity of electric power plants public solar","2006","Kilowatts,  thousand","9",""
"Korea, Republic of","Electricity - net installed capacity of electric power plants public solar","2005","Kilowatts,  thousand","1",""
"Liechtenstein","Electricity - net installed capacity of electric power plants public solar","2013","Kilowatts,  thousand","1","1"
"Liechtenstein","Electricity - net installed capacity of electric power plants public solar","2012","Kilowatts,  thousand","1","1"
"Liechtenstein","Electricity - net installed capacity of electric power plants public solar","2011","Kilowatts,  thousand","1","1"
"Liechtenstein","Electricity - net installed capacity of electric power plants public solar","2010","Kilowatts,  thousand","1","1"
"Liechtenstein","Electricity - net installed capacity of electric power plants public solar","2009","Kilowatts,  thousand","1","1"
"Liechtenstein","Electricity - net installed capacity of electric power plants public solar","2008","Kilowatts,  thousand","1","1"
"Lithuania","Electricity - net installed capacity of electric power plants public solar","2013","Kilowatts,  thousand","68",""
"Lithuania","Electricity - net installed capacity of electric power plants public solar","2012","Kilowatts,  thousand","7",""
"Lithuania","Electricity - net installed capacity of electric power plants public solar","2011","Kilowatts,  thousand","0",""
"Lithuania","Electricity - net installed capacity of electric power plants public solar","2010","Kilowatts,  thousand","0",""
"Lithuania","Electricity - net installed capacity of electric power plants public solar","2009","Kilowatts,  thousand","0",""
"Lithuania","Electricity - net installed capacity of electric power plants public solar","2008","Kilowatts,  thousand","0",""
"Madagascar","Electricity - net installed capacity of electric power plants public solar","2013","Kilowatts,  thousand","1","1"
"Madagascar","Electricity - net installed capacity of electric power plants public solar","2012","Kilowatts,  thousand","0.009","1"
"Madagascar","Electricity - net installed capacity of electric power plants public solar","2011","Kilowatts,  thousand","0.009","1"
"Madagascar","Electricity - net installed capacity of electric power plants public solar","2010","Kilowatts,  thousand","0.009",""
"Madagascar","Electricity - net installed capacity of electric power plants public solar","2009","Kilowatts,  thousand","0.007",""
"Madagascar","Electricity - net installed capacity of electric power plants public solar","2008","Kilowatts,  thousand","0.007",""
"Madagascar","Electricity - net installed capacity of electric power plants public solar","2007","Kilowatts,  thousand","0.007","1"
"Madagascar","Electricity - net installed capacity of electric power plants public solar","2006","Kilowatts,  thousand","0.007","1"
"Malaysia","Electricity - net installed capacity of electric power plants public solar","2013","Kilowatts,  thousand","160.96","1"
"Malaysia","Electricity - net installed capacity of electric power plants public solar","2012","Kilowatts,  thousand","54.5","1"
"Malaysia","Electricity - net installed capacity of electric power plants public solar","2011","Kilowatts,  thousand","0.78","1"
"Malaysia","Electricity - net installed capacity of electric power plants public solar","2010","Kilowatts,  thousand","0.78","1"
"Malta","Electricity - net installed capacity of electric power plants public solar","2013","Kilowatts,  thousand","32",""
"Malta","Electricity - net installed capacity of electric power plants public solar","2012","Kilowatts,  thousand","16",""
"Malta","Electricity - net installed capacity of electric power plants public solar","2011","Kilowatts,  thousand","2",""
"Malta","Electricity - net installed capacity of electric power plants public solar","2010","Kilowatts,  thousand","1",""
"Malta","Electricity - net installed capacity of electric power plants public solar","2009","Kilowatts,  thousand","0",""
"Malta","Electricity - net installed capacity of electric power plants public solar","2008","Kilowatts,  thousand","0",""
"Malta","Electricity - net installed capacity of electric power plants public solar","2007","Kilowatts,  thousand","0",""
"Marshall Islands","Electricity - net installed capacity of electric power plants public solar","2013","Kilowatts,  thousand","0","1"
"Marshall Islands","Electricity - net installed capacity of electric power plants public solar","2012","Kilowatts,  thousand","0","1"
"Marshall Islands","Electricity - net installed capacity of electric power plants public solar","2011","Kilowatts,  thousand","0","1"
"Marshall Islands","Electricity - net installed capacity of electric power plants public solar","2010","Kilowatts,  thousand","0","1"
"Marshall Islands","Electricity - net installed capacity of electric power plants public solar","2009","Kilowatts,  thousand","0","1"
"Marshall Islands","Electricity - net installed capacity of electric power plants public solar","2008","Kilowatts,  thousand","0","1"
"Marshall Islands","Electricity - net installed capacity of electric power plants public solar","2007","Kilowatts,  thousand","0","1"
"Marshall Islands","Electricity - net installed capacity of electric power plants public solar","2006","Kilowatts,  thousand","0","1"
"Marshall Islands","Electricity - net installed capacity of electric power plants public solar","2005","Kilowatts,  thousand","0","1"
"Marshall Islands","Electricity - net installed capacity of electric power plants public solar","2004","Kilowatts,  thousand","0.0001","1"
"Martinique","Electricity - net installed capacity of electric power plants public solar","2013","Kilowatts,  thousand","62",""
"Martinique","Electricity - net installed capacity of electric power plants public solar","2012","Kilowatts,  thousand","60",""
"Martinique","Electricity - net installed capacity of electric power plants public solar","2011","Kilowatts,  thousand","14","1"
"Martinique","Electricity - net installed capacity of electric power plants public solar","2010","Kilowatts,  thousand","14","1"
"Martinique","Electricity - net installed capacity of electric power plants public solar","2009","Kilowatts,  thousand","14",""
"Martinique","Electricity - net installed capacity of electric power plants public solar","2008","Kilowatts,  thousand","7",""
"Martinique","Electricity - net installed capacity of electric power plants public solar","2007","Kilowatts,  thousand","7","1"
"Mexico","Electricity - net installed capacity of electric power plants public solar","2013","Kilowatts,  thousand","6",""
"Mexico","Electricity - net installed capacity of electric power plants public solar","2012","Kilowatts,  thousand","1",""
"Micronesia(Fed. States of)","Electricity - net installed capacity of electric power plants public solar","2013","Kilowatts,  thousand","1",""
"Micronesia(Fed. States of)","Electricity - net installed capacity of electric power plants public solar","2012","Kilowatts,  thousand","1.5","1"
"Micronesia(Fed. States of)","Electricity - net installed capacity of electric power plants public solar","2011","Kilowatts,  thousand","1.5","1"
"Micronesia(Fed. States of)","Electricity - net installed capacity of electric power plants public solar","2010","Kilowatts,  thousand","1.5","1"
"Micronesia(Fed. States of)","Electricity - net installed capacity of electric power plants public solar","2009","Kilowatts,  thousand","1.2","1"
"Micronesia(Fed. States of)","Electricity - net installed capacity of electric power plants public solar","2008","Kilowatts,  thousand","1","1"
"Micronesia(Fed. States of)","Electricity - net installed capacity of electric power plants public solar","2007","Kilowatts,  thousand","1","1"
"Micronesia(Fed. States of)","Electricity - net installed capacity of electric power plants public solar","2006","Kilowatts,  thousand","1","1"
"Micronesia(Fed. States of)","Electricity - net installed capacity of electric power plants public solar","2005","Kilowatts,  thousand","1","1"
"Micronesia(Fed. States of)","Electricity - net installed capacity of electric power plants public solar","2004","Kilowatts,  thousand","1","1"
"Micronesia(Fed. States of)","Electricity - net installed capacity of electric power plants public solar","2003","Kilowatts,  thousand","0.4","1"
"Micronesia(Fed. States of)","Electricity - net installed capacity of electric power plants public solar","2002","Kilowatts,  thousand","0.4","1"
"Micronesia(Fed. States of)","Electricity - net installed capacity of electric power plants public solar","2001","Kilowatts,  thousand","0.2","1"
"Micronesia(Fed. States of)","Electricity - net installed capacity of electric power plants public solar","2000","Kilowatts,  thousand","0.2","1"
"Micronesia(Fed. States of)","Electricity - net installed capacity of electric power plants public solar","1999","Kilowatts,  thousand","0.1","1"
"Micronesia(Fed. States of)","Electricity - net installed capacity of electric power plants public solar","1998","Kilowatts,  thousand","0.1","1"
"Netherlands","Electricity - net installed capacity of electric power plants public solar","2013","Kilowatts,  thousand","15",""
"Netherlands","Electricity - net installed capacity of electric power plants public solar","2012","Kilowatts,  thousand","15",""
"Netherlands","Electricity - net installed capacity of electric power plants public solar","2011","Kilowatts,  thousand","11",""
"Netherlands","Electricity - net installed capacity of electric power plants public solar","2010","Kilowatts,  thousand","5",""
"Netherlands","Electricity - net installed capacity of electric power plants public solar","2009","Kilowatts,  thousand","4",""
"Netherlands","Electricity - net installed capacity of electric power plants public solar","2008","Kilowatts,  thousand","4",""
"Netherlands","Electricity - net installed capacity of electric power plants public solar","2007","Kilowatts,  thousand","3",""
"Netherlands","Electricity - net installed capacity of electric power plants public solar","2006","Kilowatts,  thousand","3",""
"Netherlands","Electricity - net installed capacity of electric power plants public solar","2005","Kilowatts,  thousand","3",""
"Netherlands","Electricity - net installed capacity of electric power plants public solar","2004","Kilowatts,  thousand","3",""
"Netherlands","Electricity - net installed capacity of electric power plants public solar","2003","Kilowatts,  thousand","2",""
"Netherlands","Electricity - net installed capacity of electric power plants public solar","2002","Kilowatts,  thousand","16",""
"Netherlands","Electricity - net installed capacity of electric power plants public solar","2001","Kilowatts,  thousand","11",""
"Netherlands","Electricity - net installed capacity of electric power plants public solar","2000","Kilowatts,  thousand","8",""
"Netherlands","Electricity - net installed capacity of electric power plants public solar","1999","Kilowatts,  thousand","4",""
"Netherlands","Electricity - net installed capacity of electric power plants public solar","1998","Kilowatts,  thousand","3",""
"Netherlands","Electricity - net installed capacity of electric power plants public solar","1997","Kilowatts,  thousand","2",""
"Netherlands","Electricity - net installed capacity of electric power plants public solar","1996","Kilowatts,  thousand","1",""
"Netherlands","Electricity - net installed capacity of electric power plants public solar","1995","Kilowatts,  thousand","1",""
"Netherlands","Electricity - net installed capacity of electric power plants public solar","1994","Kilowatts,  thousand","1",""
"Netherlands","Electricity - net installed capacity of electric power plants public solar","1993","Kilowatts,  thousand","1",""
"Netherlands","Electricity - net installed capacity of electric power plants public solar","1992","Kilowatts,  thousand","1",""
"Netherlands","Electricity - net installed capacity of electric power plants public solar","1991","Kilowatts,  thousand","1",""
"Netherlands","Electricity - net installed capacity of electric power plants public solar","1990","Kilowatts,  thousand","1",""
"New Caledonia","Electricity - net installed capacity of electric power plants public solar","2013","Kilowatts,  thousand","3.2",""
"New Caledonia","Electricity - net installed capacity of electric power plants public solar","2012","Kilowatts,  thousand","3.2",""
"New Caledonia","Electricity - net installed capacity of electric power plants public solar","2011","Kilowatts,  thousand","3.1",""
"New Caledonia","Electricity - net installed capacity of electric power plants public solar","2010","Kilowatts,  thousand","2.3",""
"New Caledonia","Electricity - net installed capacity of electric power plants public solar","2009","Kilowatts,  thousand","0.04",""
"Other Asia","Electricity - net installed capacity of electric power plants public solar","2013","Kilowatts,  thousand","392",""
"Other Asia","Electricity - net installed capacity of electric power plants public solar","2012","Kilowatts,  thousand","222.5",""
"Other Asia","Electricity - net installed capacity of electric power plants public solar","2011","Kilowatts,  thousand","117.9",""
"Other Asia","Electricity - net installed capacity of electric power plants public solar","2010","Kilowatts,  thousand","22",""
"Other Asia","Electricity - net installed capacity of electric power plants public solar","2009","Kilowatts,  thousand","9.5",""
"Other Asia","Electricity - net installed capacity of electric power plants public solar","2008","Kilowatts,  thousand","5.6",""
"Other Asia","Electricity - net installed capacity of electric power plants public solar","2007","Kilowatts,  thousand","2.4",""
"Other Asia","Electricity - net installed capacity of electric power plants public solar","2006","Kilowatts,  thousand","1.4",""
"Other Asia","Electricity - net installed capacity of electric power plants public solar","2005","Kilowatts,  thousand","1",""
"Other Asia","Electricity - net installed capacity of electric power plants public solar","2004","Kilowatts,  thousand","0.6",""
"Other Asia","Electricity - net installed capacity of electric power plants public solar","2003","Kilowatts,  thousand","0.5",""
"Other Asia","Electricity - net installed capacity of electric power plants public solar","2002","Kilowatts,  thousand","0.3",""
"Other Asia","Electricity - net installed capacity of electric power plants public solar","2001","Kilowatts,  thousand","0.2",""
"Other Asia","Electricity - net installed capacity of electric power plants public solar","2000","Kilowatts,  thousand","0.1",""
"Peru","Electricity - net installed capacity of electric power plants public solar","2013","Kilowatts,  thousand","80",""
"Peru","Electricity - net installed capacity of electric power plants public solar","2012","Kilowatts,  thousand","80",""
"Peru","Electricity - net installed capacity of electric power plants public solar","2011","Kilowatts,  thousand","0",""
"Peru","Electricity - net installed capacity of electric power plants public solar","2010","Kilowatts,  thousand","0",""
"Philippines","Electricity - net installed capacity of electric power plants public solar","2013","Kilowatts,  thousand","3","1"
"Philippines","Electricity - net installed capacity of electric power plants public solar","2012","Kilowatts,  thousand","3",""
"Philippines","Electricity - net installed capacity of electric power plants public solar","2011","Kilowatts,  thousand","2",""
"Philippines","Electricity - net installed capacity of electric power plants public solar","2010","Kilowatts,  thousand","2",""
"Philippines","Electricity - net installed capacity of electric power plants public solar","2009","Kilowatts,  thousand","1",""
"Philippines","Electricity - net installed capacity of electric power plants public solar","2008","Kilowatts,  thousand","1",""
"Philippines","Electricity - net installed capacity of electric power plants public solar","2007","Kilowatts,  thousand","1",""
"Philippines","Electricity - net installed capacity of electric power plants public solar","2006","Kilowatts,  thousand","1",""
"Portugal","Electricity - net installed capacity of electric power plants public solar","2013","Kilowatts,  thousand","143",""
"Portugal","Electricity - net installed capacity of electric power plants public solar","2012","Kilowatts,  thousand","136",""
"Portugal","Electricity - net installed capacity of electric power plants public solar","2011","Kilowatts,  thousand","109",""
"Portugal","Electricity - net installed capacity of electric power plants public solar","2010","Kilowatts,  thousand","134",""
"Portugal","Electricity - net installed capacity of electric power plants public solar","2009","Kilowatts,  thousand","115",""
"Portugal","Electricity - net installed capacity of electric power plants public solar","2008","Kilowatts,  thousand","59",""
"Portugal","Electricity - net installed capacity of electric power plants public solar","2007","Kilowatts,  thousand","24",""
"Portugal","Electricity - net installed capacity of electric power plants public solar","2006","Kilowatts,  thousand","3",""
"Portugal","Electricity - net installed capacity of electric power plants public solar","2005","Kilowatts,  thousand","2",""
"Portugal","Electricity - net installed capacity of electric power plants public solar","2004","Kilowatts,  thousand","2",""
"Portugal","Electricity - net installed capacity of electric power plants public solar","2003","Kilowatts,  thousand","2",""
"Portugal","Electricity - net installed capacity of electric power plants public solar","2002","Kilowatts,  thousand","1",""
"Portugal","Electricity - net installed capacity of electric power plants public solar","2001","Kilowatts,  thousand","1",""
"Portugal","Electricity - net installed capacity of electric power plants public solar","2000","Kilowatts,  thousand","1",""
"Portugal","Electricity - net installed capacity of electric power plants public solar","1999","Kilowatts,  thousand","1",""
"Portugal","Electricity - net installed capacity of electric power plants public solar","1998","Kilowatts,  thousand","1",""
"Portugal","Electricity - net installed capacity of electric power plants public solar","1997","Kilowatts,  thousand","1",""
"Puerto Rico","Electricity - net installed capacity of electric power plants public solar","2013","Kilowatts,  thousand","22.1",""
"Puerto Rico","Electricity - net installed capacity of electric power plants public solar","2012","Kilowatts,  thousand","2","1"
"Puerto Rico","Electricity - net installed capacity of electric power plants public solar","2011","Kilowatts,  thousand","0",""
"Puerto Rico","Electricity - net installed capacity of electric power plants public solar","2010","Kilowatts,  thousand","0",""
"Runion","Electricity - net installed capacity of electric power plants public solar","2013","Kilowatts,  thousand","160",""
"Runion","Electricity - net installed capacity of electric power plants public solar","2012","Kilowatts,  thousand","152",""
"Runion","Electricity - net installed capacity of electric power plants public solar","2011","Kilowatts,  thousand","129",""
"Runion","Electricity - net installed capacity of electric power plants public solar","2010","Kilowatts,  thousand","89.3",""
"Runion","Electricity - net installed capacity of electric power plants public solar","2009","Kilowatts,  thousand","42.5",""
"Runion","Electricity - net installed capacity of electric power plants public solar","2008","Kilowatts,  thousand","10",""
"Runion","Electricity - net installed capacity of electric power plants public solar","2007","Kilowatts,  thousand","5.8",""
"Runion","Electricity - net installed capacity of electric power plants public solar","2006","Kilowatts,  thousand","3",""
"Runion","Electricity - net installed capacity of electric power plants public solar","2005","Kilowatts,  thousand","1",""
"Runion","Electricity - net installed capacity of electric power plants public solar","2004","Kilowatts,  thousand","0.1",""
"Runion","Electricity - net installed capacity of electric power plants public solar","2003","Kilowatts,  thousand","0",""
"Romania","Electricity - net installed capacity of electric power plants public solar","2013","Kilowatts,  thousand","761",""
"Romania","Electricity - net installed capacity of electric power plants public solar","2012","Kilowatts,  thousand","41",""
"Romania","Electricity - net installed capacity of electric power plants public solar","2011","Kilowatts,  thousand","1",""
"Romania","Electricity - net installed capacity of electric power plants public solar","2010","Kilowatts,  thousand","0",""
"Romania","Electricity - net installed capacity of electric power plants public solar","2009","Kilowatts,  thousand","0",""
"Romania","Electricity - net installed capacity of electric power plants public solar","2008","Kilowatts,  thousand","0",""
"Romania","Electricity - net installed capacity of electric power plants public solar","2007","Kilowatts,  thousand","0",""
"Rwanda","Electricity - net installed capacity of electric power plants public solar","2013","Kilowatts,  thousand","0.3","1"
"Rwanda","Electricity - net installed capacity of electric power plants public solar","2012","Kilowatts,  thousand","0.3","1"
"Rwanda","Electricity - net installed capacity of electric power plants public solar","2011","Kilowatts,  thousand","0.25",""
"Rwanda","Electricity - net installed capacity of electric power plants public solar","2010","Kilowatts,  thousand","0.25",""
"Rwanda","Electricity - net installed capacity of electric power plants public solar","2009","Kilowatts,  thousand","0.25",""
"Rwanda","Electricity - net installed capacity of electric power plants public solar","2008","Kilowatts,  thousand","0.25",""
"Rwanda","Electricity - net installed capacity of electric power plants public solar","2007","Kilowatts,  thousand","0.25",""
"Rwanda","Electricity - net installed capacity of electric power plants public solar","2006","Kilowatts,  thousand","0",""
"Rwanda","Electricity - net installed capacity of electric power plants public solar","2005","Kilowatts,  thousand","0",""
"Rwanda","Electricity - net installed capacity of electric power plants public solar","2004","Kilowatts,  thousand","0",""
"Rwanda","Electricity - net installed capacity of electric power plants public solar","2003","Kilowatts,  thousand","0",""
"Rwanda","Electricity - net installed capacity of electric power plants public solar","2002","Kilowatts,  thousand","0",""
"Saudi Arabia","Electricity - net installed capacity of electric power plants public solar","2013","Kilowatts,  thousand","1","1"
"Saudi Arabia","Electricity - net installed capacity of electric power plants public solar","2012","Kilowatts,  thousand","1","1"
"Saudi Arabia","Electricity - net installed capacity of electric power plants public solar","2011","Kilowatts,  thousand","0",""
"Saudi Arabia","Electricity - net installed capacity of electric power plants public solar","2010","Kilowatts,  thousand","0",""
"Slovakia","Electricity - net installed capacity of electric power plants public solar","2013","Kilowatts,  thousand","124",""
"Slovakia","Electricity - net installed capacity of electric power plants public solar","2012","Kilowatts,  thousand","105",""
"Slovakia","Electricity - net installed capacity of electric power plants public solar","2011","Kilowatts,  thousand","108",""
"Slovakia","Electricity - net installed capacity of electric power plants public solar","2010","Kilowatts,  thousand","2",""
"Slovenia","Electricity - net installed capacity of electric power plants public solar","2013","Kilowatts,  thousand","6",""
"Slovenia","Electricity - net installed capacity of electric power plants public solar","2012","Kilowatts,  thousand","5",""
"Slovenia","Electricity - net installed capacity of electric power plants public solar","2011","Kilowatts,  thousand","2",""
"Slovenia","Electricity - net installed capacity of electric power plants public solar","2010","Kilowatts,  thousand","1",""
"Slovenia","Electricity - net installed capacity of electric power plants public solar","2009","Kilowatts,  thousand","1",""
"Slovenia","Electricity - net installed capacity of electric power plants public solar","2008","Kilowatts,  thousand","1",""
"Slovenia","Electricity - net installed capacity of electric power plants public solar","2007","Kilowatts,  thousand","0",""
"South Africa","Electricity - net installed capacity of electric power plants public solar","2013","Kilowatts,  thousand","80","1"
"South Africa","Electricity - net installed capacity of electric power plants public solar","2012","Kilowatts,  thousand","13","1"
"South Africa","Electricity - net installed capacity of electric power plants public solar","2011","Kilowatts,  thousand","6","1"
"South Africa","Electricity - net installed capacity of electric power plants public solar","2010","Kilowatts,  thousand","6","1"
"South Africa","Electricity - net installed capacity of electric power plants public solar","2009","Kilowatts,  thousand","6","1"
"South Africa","Electricity - net installed capacity of electric power plants public solar","2008","Kilowatts,  thousand","6",""
"South Africa","Electricity - net installed capacity of electric power plants public solar","2007","Kilowatts,  thousand","6",""
"South Africa","Electricity - net installed capacity of electric power plants public solar","2006","Kilowatts,  thousand","6",""
"South Africa","Electricity - net installed capacity of electric power plants public solar","2005","Kilowatts,  thousand","6",""
"South Africa","Electricity - net installed capacity of electric power plants public solar","2004","Kilowatts,  thousand","6",""
"South Africa","Electricity - net installed capacity of electric power plants public solar","2003","Kilowatts,  thousand","6",""
"South Africa","Electricity - net installed capacity of electric power plants public solar","2002","Kilowatts,  thousand","6","1"
"South Africa","Electricity - net installed capacity of electric power plants public solar","2001","Kilowatts,  thousand","0",""
"South Sudan","Electricity - net installed capacity of electric power plants public solar","2013","Kilowatts,  thousand","1","1"
"South Sudan","Electricity - net installed capacity of electric power plants public solar","2012","Kilowatts,  thousand","1","1"
"Spain","Electricity - net installed capacity of electric power plants public solar","2013","Kilowatts,  thousand","7016",""
"Spain","Electricity - net installed capacity of electric power plants public solar","2012","Kilowatts,  thousand","6646",""
"Spain","Electricity - net installed capacity of electric power plants public solar","2011","Kilowatts,  thousand","5501",""
"Spain","Electricity - net installed capacity of electric power plants public solar","2010","Kilowatts,  thousand","4653",""
"Spain","Electricity - net installed capacity of electric power plants public solar","2009","Kilowatts,  thousand","3770",""
"Spain","Electricity - net installed capacity of electric power plants public solar","2008","Kilowatts,  thousand","3450",""
"Spain","Electricity - net installed capacity of electric power plants public solar","2007","Kilowatts,  thousand","750",""
"Spain","Electricity - net installed capacity of electric power plants public solar","2006","Kilowatts,  thousand","180",""
"Spain","Electricity - net installed capacity of electric power plants public solar","2005","Kilowatts,  thousand","60",""
"Spain","Electricity - net installed capacity of electric power plants public solar","2004","Kilowatts,  thousand","37",""
"Spain","Electricity - net installed capacity of electric power plants public solar","2003","Kilowatts,  thousand","27",""
"Spain","Electricity - net installed capacity of electric power plants public solar","2002","Kilowatts,  thousand","20",""
"Spain","Electricity - net installed capacity of electric power plants public solar","2001","Kilowatts,  thousand","16",""
"Spain","Electricity - net installed capacity of electric power plants public solar","2000","Kilowatts,  thousand","12",""
"Spain","Electricity - net installed capacity of electric power plants public solar","1999","Kilowatts,  thousand","9",""
"Spain","Electricity - net installed capacity of electric power plants public solar","1998","Kilowatts,  thousand","9",""
"Spain","Electricity - net installed capacity of electric power plants public solar","1997","Kilowatts,  thousand","7",""
"Spain","Electricity - net installed capacity of electric power plants public solar","1996","Kilowatts,  thousand","7",""
"Spain","Electricity - net installed capacity of electric power plants public solar","1995","Kilowatts,  thousand","7",""
"Spain","Electricity - net installed capacity of electric power plants public solar","1994","Kilowatts,  thousand","6",""
"Spain","Electricity - net installed capacity of electric power plants public solar","1993","Kilowatts,  thousand","5",""
"Spain","Electricity - net installed capacity of electric power plants public solar","1992","Kilowatts,  thousand","4",""
"Spain","Electricity - net installed capacity of electric power plants public solar","1991","Kilowatts,  thousand","4",""
"Spain","Electricity - net installed capacity of electric power plants public solar","1990","Kilowatts,  thousand","3",""
"Sri Lanka","Electricity - net installed capacity of electric power plants public solar","2013","Kilowatts,  thousand","1.36",""
"Sri Lanka","Electricity - net installed capacity of electric power plants public solar","2012","Kilowatts,  thousand","1.38",""
"Sri Lanka","Electricity - net installed capacity of electric power plants public solar","2011","Kilowatts,  thousand","1.38",""
"Sri Lanka","Electricity - net installed capacity of electric power plants public solar","2010","Kilowatts,  thousand","0.02",""
"Sri Lanka","Electricity - net installed capacity of electric power plants public solar","2009","Kilowatts,  thousand","0.02",""
"Sri Lanka","Electricity - net installed capacity of electric power plants public solar","2008","Kilowatts,  thousand","0.02",""
"Sri Lanka","Electricity - net installed capacity of electric power plants public solar","2007","Kilowatts,  thousand","0.02",""
"Sri Lanka","Electricity - net installed capacity of electric power plants public solar","2006","Kilowatts,  thousand","0.02",""
"Sri Lanka","Electricity - net installed capacity of electric power plants public solar","2005","Kilowatts,  thousand","0.02",""
"Sri Lanka","Electricity - net installed capacity of electric power plants public solar","2004","Kilowatts,  thousand","0.02",""
"Sri Lanka","Electricity - net installed capacity of electric power plants public solar","2003","Kilowatts,  thousand","0.1",""
"Sri Lanka","Electricity - net installed capacity of electric power plants public solar","2002","Kilowatts,  thousand","0.1",""
"Sri Lanka","Electricity - net installed capacity of electric power plants public solar","2001","Kilowatts,  thousand","0.1",""
"Sri Lanka","Electricity - net installed capacity of electric power plants public solar","2000","Kilowatts,  thousand","0.1",""
"St. Helena and Depend.","Electricity - net installed capacity of electric power plants public solar","2013","Kilowatts,  thousand","0.066",""
"St. Helena and Depend.","Electricity - net installed capacity of electric power plants public solar","2012","Kilowatts,  thousand","0.025",""
"St. Helena and Depend.","Electricity - net installed capacity of electric power plants public solar","2011","Kilowatts,  thousand","0",""
"St. Helena and Depend.","Electricity - net installed capacity of electric power plants public solar","2010","Kilowatts,  thousand","0",""
"Sweden","Electricity - net installed capacity of electric power plants public solar","2013","Kilowatts,  thousand","43",""
"Sweden","Electricity - net installed capacity of electric power plants public solar","2012","Kilowatts,  thousand","24",""
"Sweden","Electricity - net installed capacity of electric power plants public solar","2011","Kilowatts,  thousand","12",""
"Sweden","Electricity - net installed capacity of electric power plants public solar","2010","Kilowatts,  thousand","11",""
"Sweden","Electricity - net installed capacity of electric power plants public solar","2009","Kilowatts,  thousand","9",""
"Sweden","Electricity - net installed capacity of electric power plants public solar","2008","Kilowatts,  thousand","8",""
"Sweden","Electricity - net installed capacity of electric power plants public solar","2007","Kilowatts,  thousand","6",""
"Sweden","Electricity - net installed capacity of electric power plants public solar","2006","Kilowatts,  thousand","5",""
"Sweden","Electricity - net installed capacity of electric power plants public solar","2005","Kilowatts,  thousand","4",""
"Sweden","Electricity - net installed capacity of electric power plants public solar","2004","Kilowatts,  thousand","4",""
"Sweden","Electricity - net installed capacity of electric power plants public solar","2003","Kilowatts,  thousand","4",""
"Sweden","Electricity - net installed capacity of electric power plants public solar","2002","Kilowatts,  thousand","3",""
"Sweden","Electricity - net installed capacity of electric power plants public solar","2001","Kilowatts,  thousand","3",""
"Sweden","Electricity - net installed capacity of electric power plants public solar","2000","Kilowatts,  thousand","3",""
"Sweden","Electricity - net installed capacity of electric power plants public solar","1999","Kilowatts,  thousand","3",""
"Sweden","Electricity - net installed capacity of electric power plants public solar","1998","Kilowatts,  thousand","2",""
"Sweden","Electricity - net installed capacity of electric power plants public solar","1997","Kilowatts,  thousand","2",""
"Sweden","Electricity - net installed capacity of electric power plants public solar","1996","Kilowatts,  thousand","2",""
"Sweden","Electricity - net installed capacity of electric power plants public solar","1995","Kilowatts,  thousand","2",""
"Sweden","Electricity - net installed capacity of electric power plants public solar","1994","Kilowatts,  thousand","1",""
"Sweden","Electricity - net installed capacity of electric power plants public solar","1993","Kilowatts,  thousand","1",""
"Sweden","Electricity - net installed capacity of electric power plants public solar","1992","Kilowatts,  thousand","1",""
"T.F.Yug.Rep. Macedonia","Electricity - net installed capacity of electric power plants public solar","2013","Kilowatts,  thousand","7",""
"T.F.Yug.Rep. Macedonia","Electricity - net installed capacity of electric power plants public solar","2012","Kilowatts,  thousand","4",""
"T.F.Yug.Rep. Macedonia","Electricity - net installed capacity of electric power plants public solar","2011","Kilowatts,  thousand","2",""
"T.F.Yug.Rep. Macedonia","Electricity - net installed capacity of electric power plants public solar","2010","Kilowatts,  thousand","0",""
"Thailand","Electricity - net installed capacity of electric power plants public solar","2013","Kilowatts,  thousand","25.5",""
"Thailand","Electricity - net installed capacity of electric power plants public solar","2012","Kilowatts,  thousand","25.5","1"
"Thailand","Electricity - net installed capacity of electric power plants public solar","2011","Kilowatts,  thousand","25.5","1"
"Thailand","Electricity - net installed capacity of electric power plants public solar","2010","Kilowatts,  thousand","25.5",""
"Thailand","Electricity - net installed capacity of electric power plants public solar","2009","Kilowatts,  thousand","10",""
"Thailand","Electricity - net installed capacity of electric power plants public solar","2008","Kilowatts,  thousand","2",""
"Thailand","Electricity - net installed capacity of electric power plants public solar","2007","Kilowatts,  thousand","0.7",""
"Thailand","Electricity - net installed capacity of electric power plants public solar","2006","Kilowatts,  thousand","0.7",""
"Thailand","Electricity - net installed capacity of electric power plants public solar","2005","Kilowatts,  thousand","0.7",""
"Thailand","Electricity - net installed capacity of electric power plants public solar","2004","Kilowatts,  thousand","0.8",""
"Thailand","Electricity - net installed capacity of electric power plants public solar","2003","Kilowatts,  thousand","0.1",""
"Thailand","Electricity - net installed capacity of electric power plants public solar","2002","Kilowatts,  thousand","0.1",""
"Thailand","Electricity - net installed capacity of electric power plants public solar","2001","Kilowatts,  thousand","0.2",""
"Thailand","Electricity - net installed capacity of electric power plants public solar","2000","Kilowatts,  thousand","0.2",""
"Thailand","Electricity - net installed capacity of electric power plants public solar","1999","Kilowatts,  thousand","0.2",""
"Thailand","Electricity - net installed capacity of electric power plants public solar","1998","Kilowatts,  thousand","0.2",""
"Ukraine","Electricity - net installed capacity of electric power plants public solar","2013","Kilowatts,  thousand","319","1"
"Ukraine","Electricity - net installed capacity of electric power plants public solar","2012","Kilowatts,  thousand","319",""
"Ukraine","Electricity - net installed capacity of electric power plants public solar","2011","Kilowatts,  thousand","148",""
"United Arab Emirates","Electricity - net installed capacity of electric power plants public solar","2013","Kilowatts,  thousand","60",""
"United Arab Emirates","Electricity - net installed capacity of electric power plants public solar","2012","Kilowatts,  thousand","10",""
"United Arab Emirates","Electricity - net installed capacity of electric power plants public solar","2011","Kilowatts,  thousand","10",""
"United Arab Emirates","Electricity - net installed capacity of electric power plants public solar","2010","Kilowatts,  thousand","0",""
"United States","Electricity - net installed capacity of electric power plants public solar","2013","Kilowatts,  thousand","6422",""
"United States","Electricity - net installed capacity of electric power plants public solar","2012","Kilowatts,  thousand","3063",""
"United States","Electricity - net installed capacity of electric power plants public solar","2011","Kilowatts,  thousand","1465",""
"United States","Electricity - net installed capacity of electric power plants public solar","2010","Kilowatts,  thousand","864",""
"United States","Electricity - net installed capacity of electric power plants public solar","2009","Kilowatts,  thousand","618",""
"United States","Electricity - net installed capacity of electric power plants public solar","2008","Kilowatts,  thousand","536",""
"United States","Electricity - net installed capacity of electric power plants public solar","2007","Kilowatts,  thousand","502",""
"United States","Electricity - net installed capacity of electric power plants public solar","2006","Kilowatts,  thousand","411",""
"United States","Electricity - net installed capacity of electric power plants public solar","2005","Kilowatts,  thousand","397",""
"United States","Electricity - net installed capacity of electric power plants public solar","2004","Kilowatts,  thousand","397",""
"United States","Electricity - net installed capacity of electric power plants public solar","2003","Kilowatts,  thousand","397",""
"United States","Electricity - net installed capacity of electric power plants public solar","2002","Kilowatts,  thousand","211",""
"United States","Electricity - net installed capacity of electric power plants public solar","2001","Kilowatts,  thousand","252",""
"United States","Electricity - net installed capacity of electric power plants public solar","2000","Kilowatts,  thousand","424",""
"United States","Electricity - net installed capacity of electric power plants public solar","1999","Kilowatts,  thousand","454",""
"United States","Electricity - net installed capacity of electric power plants public solar","1998","Kilowatts,  thousand","5",""
"United States","Electricity - net installed capacity of electric power plants public solar","1997","Kilowatts,  thousand","5",""
"United States","Electricity - net installed capacity of electric power plants public solar","1996","Kilowatts,  thousand","4",""
"United States","Electricity - net installed capacity of electric power plants public solar","1995","Kilowatts,  thousand","4",""
"United States","Electricity - net installed capacity of electric power plants public solar","1994","Kilowatts,  thousand","4",""
"United States","Electricity - net installed capacity of electric power plants public solar","1993","Kilowatts,  thousand","4",""
"United States","Electricity - net installed capacity of electric power plants public solar","1992","Kilowatts,  thousand","3",""
"United States","Electricity - net installed capacity of electric power plants public solar","1991","Kilowatts,  thousand","3",""
"United States","Electricity - net installed capacity of electric power plants public solar","1990","Kilowatts,  thousand","3",""
"Vanuatu","Electricity - net installed capacity of electric power plants public solar","2013","Kilowatts,  thousand","0.11",""
"Vanuatu","Electricity - net installed capacity of electric power plants public solar","2012","Kilowatts,  thousand","0.11",""
"Vanuatu","Electricity - net installed capacity of electric power plants public solar","2011","Kilowatts,  thousand","0.07",""
"Wallis and Futuna Is.","Electricity - net installed capacity of electric power plants public solar","2013","Kilowatts,  thousand","0.107","1"
"Wallis and Futuna Is.","Electricity - net installed capacity of electric power plants public solar","2012","Kilowatts,  thousand","0.107",""
"Wallis and Futuna Is.","Electricity - net installed capacity of electric power plants public solar","2011","Kilowatts,  thousand","0.107",""
"Wallis and Futuna Is.","Electricity - net installed capacity of electric power plants public solar","2010","Kilowatts,  thousand","0.107",""
"Wallis and Futuna Is.","Electricity - net installed capacity of electric power plants public solar","2009","Kilowatts,  thousand","0.107",""

"fnSeqID","Footnote"
"1","Estimate"
